is_winner,game_duration,tower_kills,dragon_kills,baron_kills,total_kills,total_assists,total_deaths,total_damage_dealt,total_gold_earned,total_minions_killed,total_time_cc_dealt,total_time_played,had_afk_teammates,total_scuttle_crab_kills,total_ward_takedowns,total_wards_placed,gold15,damage_done15,kills15,cs15
False,1850,6,0,0,21,18,38,93905,60011,738,91,9250,False,7,0,74,25219,23275,32891,473
True,1850,11,4,1,38,52,21,89479,67389,747,54,9250,False,3,0,83,24137,19325,34263,405
False,1932,7,1,0,40,55,46,137248,67120,759,150,9660,False,6,0,77,24958,30568,34456,442
True,1932,10,3,1,46,55,40,132195,73565,759,64,9660,False,4,0,91,24491,20428,47521,422
True,1095,8,1,0,25,33,11,57871,40657,428,67,5475,False,2,0,33,27765,32117,38126,405
False,1095,3,1,0,9,4,25,38500,32242,432,73,5475,False,2,0,25,24207,21621,48293,426
False,1776,2,0,0,19,31,42,136903,50165,662,199,8880,False,4,0,44,24131,32718,48430,394
True,1776,10,4,1,42,52,20,169847,65336,754,100,8880,False,5,0,58,26052,35549,50184,427
True,972,3,0,0,27,25,7,47310,35444,403,25,4860,False,1,0,33,28457,32339,45216,412
False,972,0,2,0,7,7,27,33160,24346,322,42,4860,False,3,0,28,21824,26907,45587,352
False,1879,4,1,0,26,31,37,89925,56311,682,100,9395,False,6,0,82,23463,24999,37515,377
True,1879,7,4,2,36,44,26,117138,65870,722,127,9395,False,3,0,66,23060,24275,38508,409
False,1659,4,2,0,13,14,25,71860,48244,685,123,8295,False,5,0,60,22598,25239,38248,415
True,1659,3,2,1,25,40,13,78075,54100,669,99,8295,False,5,0,65,24101,23160,35483,402
True,1857,8,4,2,40,48,29,130129,67495,599,153,9285,False,8,0,58,27170,37877,54426,369
False,1857,5,0,0,29,40,40,139763,56406,654,168,9285,False,1,0,53,25675,41091,49327,372
False,1754,1,2,0,27,48,25,98722,55144,659,147,8770,False,3,0,48,24579,29184,42699,402
True,1754,10,2,1,25,46,27,98821,59807,632,156,8770,False,6,0,45,25978,29944,43644,394
False,1693,3,0,0,14,16,33,75690,47240,632,62,8465,False,5,0,49,24077,28008,49148,394
True,1693,8,4,1,32,37,14,104501,59657,670,148,8465,False,2,0,57,26243,34073,41595,408
False,1785,3,1,0,28,30,47,107015,54637,612,179,8925,False,4,0,63,26581,35937,48735,381
True,1785,9,3,1,47,61,28,136197,66950,642,100,8925,False,4,0,68,26415,34656,47915,365
False,1837,3,3,0,28,46,45,123814,57188,655,155,9185,False,3,0,68,24039,29850,46139,406
True,1837,10,1,1,45,62,28,135997,66927,650,214,9185,False,5,0,58,26687,34379,43776,396
True,1937,10,4,2,46,52,31,149531,71350,688,199,9685,False,5,0,69,24824,28958,50757,379
False,1937,6,0,0,31,28,46,130050,63880,762,96,9685,False,3,0,38,30609,36938,48135,444
False,1692,3,0,0,13,14,33,95414,46191,600,123,8460,False,2,0,33,21672,29118,38213,426
True,1692,10,3,1,33,49,14,99131,58215,615,152,8460,False,7,0,53,24156,25060,41665,406
False,1443,4,0,0,28,36,25,81726,48382,579,83,7215,False,3,0,52,25881,29018,41522,418
True,1443,10,3,1,25,24,28,74459,52177,542,99,7215,False,4,0,44,29486,29550,45526,409
True,1592,9,2,1,42,42,22,120530,60576,580,118,7960,False,5,0,64,28705,37842,46508,437
False,1592,2,1,0,22,23,42,81129,48659,623,138,7960,False,4,0,33,22883,24994,52025,391
False,2375,7,4,0,38,74,38,153898,76600,843,205,11875,False,6,0,73,23614,23990,36369,403
True,2375,10,2,2,38,67,38,157010,83546,1011,156,11875,False,7,0,97,24453,22268,36779,462
True,1810,11,4,2,32,44,20,114082,65244,723,72,9050,False,4,0,53,26472,25099,36207,469
False,1810,3,1,0,20,26,32,75827,58099,791,110,9050,False,4,0,66,22916,19799,41485,420
False,1876,6,0,1,23,27,24,97851,60140,718,168,9380,False,6,0,68,24764,19026,38311,446
True,1876,7,4,0,24,44,23,110569,58947,740,166,9380,False,3,0,61,21811,23289,33282,432
False,1524,1,0,0,11,13,35,58738,39180,575,103,7620,False,2,0,46,21029,21838,36498,358
True,1524,10,4,1,35,51,11,77502,55582,590,117,7620,False,6,0,46,26007,28406,35196,413
False,1414,1,0,0,10,12,23,46535,37842,547,90,7070,False,1,0,49,23227,24881,42408,411
True,1414,10,4,1,23,31,10,62872,52339,640,70,7070,False,5,0,48,26605,29451,42121,476
True,1773,10,2,0,55,75,24,127418,63940,563,198,8865,False,2,0,51,28108,29917,36936,366
False,1773,1,1,0,21,19,55,87531,49708,585,92,8865,False,4,0,53,22010,24329,42396,340
True,1877,10,2,1,34,43,20,122460,63433,668,164,9385,False,5,0,74,25805,29381,37004,387
False,1877,3,1,0,20,34,34,92917,53219,647,242,9385,False,4,0,62,22599,23972,43136,380
False,1906,3,3,1,26,31,32,100834,53521,578,154,9530,False,3,0,65,21604,26195,43330,325
True,1906,9,1,0,32,28,26,144794,63012,714,58,9530,False,3,0,56,23864,32187,43309,424
True,1785,11,3,1,38,56,22,136939,61880,574,192,8925,False,7,0,82,27245,37270,40029,401
False,1785,2,1,0,22,47,38,119462,49692,527,125,8925,False,1,0,66,21899,25468,50089,372
False,1530,2,0,0,13,12,30,59602,42094,615,120,7650,False,1,0,44,24943,28948,50246,407
True,1530,10,3,1,30,46,13,104186,54666,591,136,7650,False,5,0,55,27076,36446,42375,376
True,1260,5,2,0,21,34,7,49850,42454,498,67,6300,False,4,0,42,26416,25276,37368,403
False,1260,2,0,0,7,7,21,31474,33852,504,44,6300,False,2,0,41,22260,21519,42766,390
False,1513,2,1,0,22,35,33,69129,43595,546,110,7565,False,1,0,45,24796,29022,41213,365
True,1513,8,2,1,33,37,22,87150,58087,625,122,7565,False,4,0,46,27109,31810,43022,428
False,2527,6,3,0,29,40,39,152644,82115,1092,161,12635,False,6,0,95,24967,19372,40027,439
True,2527,11,4,3,39,71,29,168873,87905,988,468,12635,False,7,0,89,22570,24254,37038,450
True,1556,10,3,0,45,61,18,117069,58299,562,190,7780,False,4,0,50,29227,38792,53769,403
False,1556,1,0,0,18,18,45,73993,44037,520,96,7780,False,3,0,45,23811,30169,50003,369
True,1921,9,3,1,36,75,26,142986,66002,671,186,9605,False,3,0,94,23724,26817,38689,399
False,1921,5,1,1,25,40,36,104494,59730,715,152,9605,False,4,0,64,25319,27704,38212,375
True,1367,7,2,1,31,35,17,69904,50310,559,38,6835,False,4,0,49,28692,29889,44082,405
False,1367,0,1,0,17,24,32,64417,38583,474,90,6835,False,3,0,40,23296,27815,44322,383
True,2158,8,3,0,39,68,29,153917,71934,779,114,10790,False,7,0,95,26645,34913,49065,421
False,2158,3,3,2,29,39,39,131576,70140,795,140,10790,False,3,0,107,24988,34531,50693,370
False,1291,1,1,0,19,17,28,49949,37182,460,59,6455,False,2,0,39,24569,30573,42715,350
True,1291,4,2,0,28,48,19,68673,43467,475,87,6455,False,5,0,46,24057,29489,35724,402
False,1344,2,1,0,17,22,22,56544,41389,554,67,6720,False,4,0,40,27385,32012,39681,426
True,1344,6,1,1,21,20,17,56731,48091,588,76,6720,False,3,0,60,27154,25828,45918,443
False,1329,1,0,0,15,18,34,56350,37635,467,71,6645,False,3,0,44,25280,30678,50835,408
True,1329,9,3,0,34,44,15,90042,49689,536,77,6645,False,3,0,38,25779,37515,41900,406
False,1678,2,1,0,24,30,35,86168,49930,602,102,8390,False,4,0,56,24016,25272,37088,406
True,1678,10,3,1,35,51,24,117904,59291,562,107,8390,False,4,0,61,24189,25514,44453,423
True,1745,9,4,1,21,38,14,93530,58303,713,87,8725,False,5,0,74,23233,28044,45633,411
False,1745,4,0,0,14,17,21,88816,49958,658,74,8725,False,4,0,70,24903,34691,42777,411
True,1725,9,2,1,43,64,27,142526,62723,548,151,8625,False,6,0,47,25358,29384,46667,354
False,1725,4,2,0,27,43,43,100651,52295,588,142,8625,False,2,0,54,26340,32546,45405,402
True,1629,10,2,1,38,41,22,93660,60174,654,171,8145,False,5,0,41,25651,28744,36551,401
False,1629,2,1,0,22,23,38,77494,52666,634,98,8145,False,3,0,55,25424,23967,42440,434
False,1885,2,2,0,35,66,49,125652,57421,596,185,9425,False,3,0,70,25104,32227,39780,347
True,1885,10,1,1,49,91,35,125109,70213,644,173,9425,False,4,0,82,26856,30241,44754,406
False,1563,2,0,0,20,34,46,62757,46549,513,78,7815,False,2,0,47,24995,28762,48695,309
True,1563,11,4,1,46,71,20,97600,63119,599,122,7815,False,4,0,43,32698,38651,42279,399
False,1143,0,0,0,12,20,34,42238,31806,382,62,5715,False,3,0,34,23277,25420,46598,347
True,1143,8,2,0,34,38,12,63884,45680,412,95,5715,False,3,0,38,32607,37464,43023,405
True,1206,2,1,0,28,44,26,74600,40431,430,91,6030,False,3,0,48,26762,41137,50511,397
False,1206,1,1,0,26,23,28,55524,38419,380,89,6030,False,2,0,34,26566,33764,54722,327
False,1516,0,1,0,17,14,40,73412,42902,568,64,7580,False,2,0,42,24760,27864,43102,403
True,1516,9,3,1,40,42,17,86265,59629,629,193,7580,False,5,0,51,28625,29080,44297,441
False,1183,2,0,0,13,12,23,50437,34789,436,80,5915,False,0,0,35,23669,30086,44379,385
True,1183,5,1,0,23,26,13,51645,40227,470,82,5915,False,6,0,33,26791,28954,44408,413
True,1430,9,1,0,27,30,19,73517,52862,561,114,7150,False,4,0,40,27629,25274,42384,403
False,1430,1,2,0,19,27,27,63218,40520,525,50,7150,False,2,0,34,22942,23800,37833,337
True,2005,11,3,1,51,62,27,140192,72163,735,122,10025,False,5,0,51,27006,32148,45770,329
False,2005,3,1,0,26,24,51,154974,63104,858,135,10025,False,4,0,70,26593,34600,44500,424
True,939,2,2,0,20,22,7,40379,31766,371,58,4695,False,3,0,28,29009,33166,43404,444
False,939,0,0,0,7,11,20,31769,24009,290,56,4695,False,1,0,37,21457,25037,45807,331
False,1733,1,1,0,22,24,45,79947,49522,600,96,8665,False,4,0,52,22535,22042,49517,404
True,1733,11,3,1,44,63,22,132866,63886,693,85,8665,False,2,0,63,25837,34075,35901,410
True,2028,8,4,1,34,63,33,142432,67261,736,195,10140,False,6,0,72,24484,26675,38986,421
False,2028,3,1,0,33,41,34,127170,63558,710,156,10140,False,3,0,47,24818,24791,40548,398
True,1957,10,4,1,37,57,24,124005,69834,735,139,9785,False,8,0,79,26099,33416,41180,423
False,1957,2,0,0,24,40,37,103012,58409,748,136,9785,False,1,0,58,24413,28078,51161,416
False,1323,0,2,0,9,5,16,38674,35978,533,65,6615,False,3,0,34,24419,20999,37328,506
True,1323,11,1,1,16,23,9,47551,47495,584,74,6615,False,4,0,41,23516,20791,33555,486
False,1419,1,0,0,18,16,42,69388,40751,474,95,7095,False,1,0,46,23302,26559,54490,378
True,1419,9,2,1,42,53,19,99603,56489,479,146,7095,False,5,0,45,29503,36824,38353,370
False,1974,2,3,1,22,40,32,91029,57812,682,138,9870,False,5,0,58,23647,22348,39445,408
True,1974,7,2,0,32,69,22,117009,61765,695,223,9870,False,5,0,70,23281,26678,34907,422
True,1718,9,1,1,24,33,25,83299,59244,716,111,8590,False,6,0,55,24841,28928,50348,494
False,1718,5,2,0,25,47,24,95778,52781,670,85,8590,False,3,0,63,24225,29951,39557,422
False,1578,2,0,0,10,9,25,53384,42897,637,81,7890,False,2,0,49,22624,19730,35262,424
True,1578,11,4,1,25,27,10,79550,58437,720,86,7890,False,5,0,52,25377,19714,39661,466
False,1638,4,0,0,28,45,33,91266,50723,612,138,8190,False,5,0,63,26553,32322,41539,436
True,1638,8,4,0,33,56,28,110046,54921,588,101,8190,False,3,0,57,25257,30156,46733,421
False,2256,5,2,0,21,23,32,131237,67855,897,121,11280,False,5,0,88,23329,28364,46332,430
True,2256,11,3,1,32,56,21,165863,74264,930,230,11280,False,6,0,132,23393,28335,38937,406
False,1424,1,0,0,17,26,35,66052,40948,550,178,7120,False,1,0,53,24982,30704,43428,392
True,1424,6,3,0,35,42,17,93987,52537,578,64,7120,False,5,0,47,25576,32093,43426,406
False,1782,6,3,0,26,33,38,98766,55557,662,147,8910,False,3,0,62,24561,31234,45256,390
True,1782,9,1,1,38,52,26,108046,65862,730,133,8910,False,6,0,63,27992,33619,44216,438
True,1420,9,1,0,34,25,25,93317,52632,541,99,7100,False,1,0,46,26801,27671,41290,438
False,1420,1,3,0,25,26,34,75005,43718,591,113,7100,False,5,0,35,25679,26202,46189,435
False,963,0,0,0,10,6,32,33935,26374,314,56,4815,False,3,0,24,22261,26630,56233,373
True,963,3,1,0,31,40,10,54870,36948,409,72,4815,False,1,0,29,31035,42102,46786,461
True,1447,8,2,1,36,68,11,89186,55131,530,140,7235,False,4,0,45,27395,27797,44418,427
False,1447,1,1,0,11,18,36,78020,38636,519,107,7235,False,3,0,39,23004,29522,43355,385
False,2668,7,3,0,39,66,37,247977,81642,969,138,13340,False,5,0,90,23313,23900,35925,400
True,2668,10,3,1,37,71,39,200633,86350,941,191,13340,False,7,0,67,24369,20917,40245,426
False,1712,3,1,1,20,23,39,85566,54261,683,111,8560,False,4,0,61,23566,26592,43883,382
True,1712,11,3,1,39,48,20,105453,65686,696,116,8560,False,4,0,71,26718,30166,40225,390
False,1933,4,2,2,28,54,35,83396,64678,705,123,9665,False,4,0,77,25023,19760,39168,414
True,1933,10,3,0,35,69,28,117411,68731,796,133,9665,False,5,0,77,27948,25038,32989,477
False,1582,3,2,0,3,3,30,49626,41178,620,59,7910,False,2,0,53,22419,18936,44089,414
True,1582,11,2,1,30,69,3,81986,54418,619,92,7910,False,3,0,79,24643,25455,29028,371
False,1447,0,0,0,27,40,45,93129,43145,489,173,7235,False,1,0,43,25412,35429,50842,340
True,1447,10,2,1,45,72,27,122362,60415,551,131,7235,False,6,0,54,28431,39048,48364,396
False,1497,2,0,1,22,35,34,69450,47170,498,92,7485,False,3,0,59,21164,22835,43152,347
True,1497,9,3,0,34,45,22,93777,56827,589,98,7485,False,3,0,54,29822,33974,39195,446
True,2232,11,4,2,28,43,22,147850,75754,915,107,11160,False,8,0,59,25924,23289,40562,491
False,2232,2,2,0,21,41,28,136543,67417,963,279,11160,False,2,0,87,21611,23365,35077,441
True,2131,10,4,2,39,57,26,136901,76717,854,159,10655,False,7,0,104,22904,19944,31286,422
False,2131,4,1,0,25,41,39,97634,63662,814,149,10655,False,2,0,70,23711,20339,30577,389
False,1654,3,0,0,16,13,33,68689,45492,633,115,8270,False,4,0,44,23927,22030,34920,428
True,1654,8,4,1,33,59,16,100714,56657,687,141,8270,False,3,0,63,23449,23351,33248,451
False,1248,0,0,0,13,19,30,39644,32418,364,90,6240,False,2,0,38,22686,24812,48447,306
True,1248,11,2,0,30,42,13,77354,48543,520,98,6240,False,4,0,40,30233,39980,35952,448
False,1860,3,0,0,23,35,45,97597,57029,748,181,9300,False,2,0,55,23912,24750,44421,400
True,1860,10,5,2,45,77,23,149449,74657,730,179,9300,False,7,0,52,30893,31392,39759,457
True,1316,6,1,0,30,25,13,78726,44460,520,111,6580,False,3,0,37,25496,34370,35260,410
False,1316,0,1,0,13,14,30,45062,32595,403,61,6580,False,2,0,48,21514,22154,48464,330
False,2377,5,1,2,18,31,29,115947,67442,850,182,11885,False,6,0,102,20792,20122,27011,349
True,2377,11,4,0,29,59,18,153299,72190,866,105,11885,False,4,0,73,22028,19104,32769,416
True,1939,7,2,1,32,69,27,132417,59664,619,168,9695,False,3,0,80,23316,24079,32278,377
False,1939,4,2,0,27,32,32,109417,59044,742,173,9695,False,5,0,59,23214,21272,35480,434
False,2099,2,1,0,26,43,54,182498,60572,766,248,10495,False,4,0,80,23529,31036,45908,424
True,2099,11,4,1,54,75,26,195733,72429,724,326,10495,False,5,0,48,24977,27155,46335,433
False,1007,0,0,0,12,14,22,37415,27312,300,84,5035,False,3,0,24,21307,23243,37883,355
True,1007,2,2,0,22,22,12,45979,32457,349,78,5035,False,1,0,27,24540,27348,41301,360
True,1546,8,1,0,35,65,33,120349,54444,555,166,7730,False,2,0,39,25241,41529,53527,333
False,1546,4,2,0,33,39,35,89864,52492,528,103,7730,False,6,0,38,30267,40921,56700,390
True,1227,3,1,0,23,31,11,62821,39916,517,111,6135,False,3,0,34,24869,30434,40295,425
False,1227,2,1,0,11,8,23,54860,35671,528,70,6135,False,2,0,24,24854,29068,42593,426
True,1826,8,1,0,42,80,32,131399,61793,566,206,9130,False,4,0,57,24229,26036,43382,389
False,1826,7,3,0,32,51,42,108952,60059,636,140,9130,False,4,0,55,26588,28424,40631,401
True,1745,9,0,1,36,71,29,128217,61229,659,177,8725,False,2,0,51,23144,25657,42970,395
False,1745,4,4,1,29,40,36,106270,56776,602,220,8725,False,7,0,43,27417,29281,40656,427
False,1434,3,0,0,18,20,37,55129,44261,540,25,7170,False,3,0,39,23691,21168,45239,413
True,1434,10,3,1,37,54,18,91247,55716,517,60,7170,False,5,0,49,29748,34280,35724,408
True,2008,11,4,2,58,66,48,157701,73534,586,229,10040,False,7,0,60,30511,43082,51555,327
False,2008,7,1,0,48,71,58,154337,70232,767,160,10040,False,2,0,45,27032,34263,54908,319
True,1387,8,2,1,34,43,17,90010,54304,567,120,6935,False,6,0,56,27254,34886,44119,418
False,1387,1,1,0,17,18,34,71848,37548,469,59,6935,False,1,0,42,24014,28655,47628,368
True,1925,10,2,1,43,66,25,145542,71816,752,162,9625,False,6,0,78,26850,30847,41868,386
False,1925,2,2,0,25,31,43,115936,59309,794,147,9625,False,4,0,80,25195,27336,44784,415
False,2343,6,1,0,55,70,49,179736,75814,755,219,11715,False,6,0,62,23310,27460,42381,345
True,2343,9,4,1,49,55,55,165190,76237,708,190,11715,False,4,0,68,26257,31242,44244,412
True,1923,8,4,2,34,49,9,94202,64346,732,116,9615,False,6,0,69,21871,14778,37364,406
False,1923,5,1,0,9,3,34,94712,53979,794,84,9615,False,4,0,55,24420,24867,32047,461
False,2042,3,1,0,38,59,36,142370,61530,685,199,10210,False,6,0,69,25989,30950,39139,391
True,2042,7,3,2,36,73,38,138922,67412,667,181,10210,False,2,0,69,22852,27258,43155,373
True,1589,11,2,0,25,19,26,95963,58315,729,106,7945,False,2,0,62,27740,32942,45890,447
False,1589,1,0,0,26,30,25,87088,48682,624,48,7945,False,5,0,50,25613,32612,46214,396
True,2267,10,4,2,57,79,44,203475,82091,741,200,11335,False,7,0,103,27964,32952,40800,413
False,2267,2,2,0,44,67,57,160644,70894,721,192,11335,False,2,0,62,24383,30015,46752,364
True,1743,9,1,1,39,65,27,123178,59594,593,165,8715,False,6,0,77,24114,29492,45337,367
False,1743,3,2,0,27,37,39,100543,52901,559,149,8715,False,2,0,53,24602,30614,41405,375
True,1762,10,2,1,46,64,27,145882,68334,732,191,8810,False,6,0,46,29177,36322,44686,444
False,1762,1,1,0,27,49,46,129822,53401,581,228,8810,False,3,0,54,24140,30864,50245,359
True,1600,11,3,1,51,66,30,142845,68943,625,176,8000,False,5,0,58,32677,41416,49915,438
False,1600,4,1,0,29,44,51,93097,53834,582,129,8000,False,4,0,52,25335,28694,50835,371
False,1510,1,1,0,14,19,27,70144,40667,572,64,7550,False,4,0,56,24236,30162,42226,409
True,1510,10,2,1,27,31,14,90521,54975,672,137,7550,False,3,0,44,24193,29415,45523,459
False,2050,7,2,2,27,60,28,118297,65237,743,201,10250,False,4,0,85,23778,22447,42202,401
True,2050,10,2,0,28,54,27,129953,68827,862,193,10250,False,6,0,83,25638,30258,38653,438
True,1606,8,4,1,28,52,21,88595,55800,620,94,8030,False,4,0,49,27073,34908,51350,441
False,1606,1,0,0,21,34,28,80659,46902,603,151,8030,False,4,0,56,25462,32438,46184,423
True,1823,9,2,1,39,74,31,120580,65679,631,177,9115,False,3,0,60,28251,40704,55797,377
False,1823,3,2,0,31,50,39,109733,56001,659,132,9115,False,4,0,55,27970,41595,53043,363
False,1844,4,1,0,26,38,43,125761,59672,762,137,9220,False,2,0,47,22839,30080,45199,390
True,1844,10,3,1,43,62,26,148315,68355,696,209,9220,False,7,0,68,27811,32680,44410,428
True,995,2,1,0,16,16,5,46235,31766,390,56,4975,False,3,0,27,25658,33037,46060,422
False,995,1,1,0,5,3,16,38619,25715,367,43,4975,False,2,0,25,22153,31097,45167,388
True,1626,8,2,0,27,51,20,80707,55196,683,124,8130,False,4,0,54,24226,21634,38508,410
False,1626,4,1,1,20,28,27,88692,54043,655,86,8130,False,4,0,48,25269,22651,33065,420
True,1837,8,4,0,57,96,36,150268,66634,516,152,9185,False,7,0,70,26634,33415,46483,340
False,1837,4,1,1,36,46,57,112050,59193,565,123,9185,False,1,0,58,24998,28952,47857,363
False,1742,5,1,1,20,23,32,106498,54368,657,147,8710,False,4,0,57,21764,26431,44337,422
True,1742,8,3,0,32,45,20,95832,61395,660,109,8710,False,3,0,51,25516,29016,44627,423
True,2079,8,4,1,41,70,30,122197,67731,675,230,10395,False,6,0,70,23675,26468,40873,411
False,2079,6,1,1,30,59,41,117466,67421,674,151,10395,False,3,0,76,23300,24285,40517,420
False,1910,4,1,0,17,21,33,101803,56235,751,101,9550,False,4,0,77,23740,25178,42728,405
True,1910,10,3,1,33,55,17,135935,66185,760,157,9550,False,6,0,58,24127,28283,37798,433
False,1438,1,0,0,15,12,33,69665,38381,546,73,7190,False,4,0,42,25068,31384,42219,432
True,1438,11,3,1,33,35,15,98385,56134,638,120,7190,False,4,0,44,25980,26940,42995,457
True,1484,10,2,1,40,82,29,106403,59087,514,139,7420,False,3,0,72,30623,33864,47501,439
False,1484,0,1,0,29,54,40,82004,47225,480,132,7420,False,4,0,38,26557,31689,47478,371
True,2803,9,3,1,47,114,47,216310,88525,863,295,14015,False,3,0,68,24952,31646,51013,342
False,2803,10,4,2,46,71,47,188387,90636,890,252,14015,False,9,0,113,26906,36949,43403,401
True,1611,10,2,1,39,59,28,104817,60087,611,160,8055,False,3,0,57,24153,29508,44362,378
False,1611,3,1,0,27,18,39,96181,47555,580,146,8055,False,5,0,53,26573,31528,43498,412
False,1819,5,2,1,36,60,36,125369,59933,591,160,9095,False,3,0,55,25020,28188,43621,381
True,1819,9,2,1,36,70,36,122120,65305,637,209,9095,False,5,0,71,27594,27078,40798,372
True,1686,11,4,1,40,61,20,128817,64530,673,136,8430,False,4,0,57,26677,33479,40513,400
False,1686,3,0,0,19,24,40,82387,49313,584,103,8430,False,2,0,61,23140,25669,47864,367
True,1760,8,3,2,20,33,22,109082,57476,720,167,8800,False,3,0,60,21208,20312,38047,435
False,1760,3,1,0,22,42,20,90636,53525,639,111,8800,False,6,0,56,25781,22927,34196,447
False,1795,3,2,0,25,53,37,102687,54947,677,178,8975,False,3,0,73,26018,32829,47139,392
True,1795,8,2,1,37,65,25,112385,62123,686,154,8975,False,6,0,64,24565,30810,42181,386
True,1624,11,1,1,27,48,19,90247,61823,743,103,8120,False,5,0,61,29195,27910,31531,524
False,1624,0,3,0,19,28,27,48622,49033,611,61,8120,False,3,0,58,23592,18667,41343,395
True,2260,8,4,0,26,34,33,175114,70372,898,148,11300,False,4,0,90,25096,32291,43005,452
False,2260,7,1,3,33,68,26,135419,78051,811,161,11300,False,6,0,79,23441,24980,42966,379
False,1561,3,2,0,13,18,30,57323,42124,558,98,7805,False,4,0,56,20954,19022,44277,375
True,1561,9,2,1,30,53,13,97855,53787,572,98,7805,False,4,0,50,25027,29193,33251,451
True,2453,9,4,0,34,62,33,163564,82594,1026,166,12265,False,5,0,92,25784,25355,39562,473
False,2453,7,2,2,33,63,34,161287,77506,942,198,12265,False,7,0,114,23116,23799,41804,430
False,912,0,0,0,8,9,24,31458,24492,333,38,4560,False,2,0,28,21846,26637,45578,376
True,912,4,1,0,24,22,8,40429,34590,415,58,4560,False,2,0,27,31535,35679,39967,462
True,1650,11,4,1,39,52,20,105504,61292,642,159,8250,False,4,0,55,25785,31540,45500,408
False,1650,2,0,0,20,24,39,85865,51683,639,65,8250,False,3,0,44,25104,29886,46865,418
False,2713,7,3,1,28,51,34,171831,79512,977,181,13565,False,4,0,103,22746,25375,35927,411
True,2713,8,4,1,34,50,28,158573,85040,989,201,13565,False,7,0,148,24296,23286,43132,426
False,1563,4,1,0,23,39,36,81767,51816,646,77,7815,False,5,0,57,27924,28443,53327,484
True,1563,7,3,1,36,78,23,112840,57303,628,150,7815,False,3,0,49,26887,33939,38361,441
True,913,3,2,0,20,20,10,40039,33001,366,68,4565,False,3,0,25,30566,34401,42249,425
False,913,0,0,0,10,6,20,29837,22831,261,55,4565,False,1,0,24,21123,25464,45383,317
True,1603,10,2,1,27,47,15,97912,57642,658,122,8015,False,5,0,63,27314,30051,40073,422
False,1603,3,1,0,15,20,27,67915,48566,658,78,8015,False,3,0,47,22487,24973,43730,426
True,1436,11,1,1,26,37,15,90918,53883,621,120,7180,False,2,0,43,26013,33726,39801,417
False,1436,1,2,0,15,22,26,56027,40992,566,74,7180,False,3,0,29,23947,27116,49051,390
False,1341,1,0,0,8,14,15,41338,36737,526,81,6705,False,3,0,53,24400,23562,36995,423
True,1341,4,3,0,15,23,8,53223,43195,619,63,6705,False,3,0,61,23759,23188,34646,448
True,817,2,1,0,16,16,4,27996,30127,342,28,4085,False,4,0,23,30127,27996,41507,444
False,817,0,0,0,4,3,16,23383,19953,277,26,4085,False,0,0,18,19953,23383,41074,342
False,2553,5,4,1,42,68,55,208373,80385,838,334,12765,False,7,0,76,21377,20016,43901,396
True,2553,9,2,2,55,90,43,196025,88781,820,284,12765,False,2,0,90,25539,27085,44139,399
True,1250,5,1,0,30,37,7,67896,42397,471,92,6250,False,4,0,40,26654,29567,36696,412
False,1250,2,0,0,7,4,30,45395,33093,443,78,6250,False,2,0,42,21634,23705,43536,361
True,1019,2,0,0,26,16,12,46161,34728,382,33,5095,False,3,0,20,26259,31018,46720,376
False,1019,1,0,0,12,9,26,40844,28427,333,74,5095,False,2,0,24,23586,32319,44430,324
False,1710,1,1,0,23,42,51,106177,55303,701,116,8550,False,4,0,32,23547,33740,49366,376
True,1710,11,3,2,51,65,23,119682,67773,603,128,8550,False,4,0,43,28770,32819,52147,388
True,1795,8,4,2,35,40,21,112477,64108,734,78,8975,False,5,0,72,26006,36722,46464,440
False,1795,5,0,0,21,22,35,93700,55756,744,127,8975,False,4,0,39,23814,27990,47344,395
True,2086,11,3,1,45,62,42,149307,72798,697,242,10430,False,6,0,73,26607,37213,53789,385
False,2086,3,2,0,41,56,45,137214,67560,761,157,10430,False,5,0,60,25479,32113,52003,376
False,1580,4,1,0,19,30,31,72982,48639,568,98,7900,False,2,0,60,24303,21367,45422,435
True,1580,6,3,1,31,42,19,102872,56462,602,115,7900,False,5,0,54,26061,27758,36331,422
True,1762,8,2,1,42,65,26,123219,63226,595,125,8810,False,6,0,63,25692,30166,46154,388
False,1762,3,2,0,26,40,42,109344,56054,651,107,8810,False,3,0,70,27620,30028,47106,427
False,2339,4,3,1,36,49,42,188517,71749,828,270,11695,False,6,0,99,24718,32807,45874,423
True,2339,9,3,1,42,62,36,177666,79129,913,184,11695,False,5,0,81,25837,32384,47868,371
True,1485,11,2,1,23,36,18,69103,53967,595,89,7425,False,4,0,37,24006,16732,38151,449
False,1485,2,1,0,17,22,23,72768,44876,594,71,7425,False,2,0,35,23223,22132,29672,400
True,2439,11,4,0,67,117,49,243794,80258,697,373,12195,False,5,0,79,27745,33602,47834,373
False,2439,5,2,1,49,74,67,244415,76586,745,362,12195,False,3,0,66,24433,32658,47153,325
True,2354,10,3,3,36,73,21,127294,79893,855,124,11770,False,7,0,72,22010,18680,41508,445
False,2354,6,3,0,21,53,36,143850,72068,971,186,11770,False,5,0,75,22517,26968,37079,444
False,955,0,0,0,10,5,18,33123,26128,350,89,4775,False,1,0,26,22794,27470,44290,390
True,955,2,2,0,18,15,10,36408,31944,398,41,4775,False,3,0,26,27461,31208,43869,438
False,1521,2,1,0,16,29,32,53103,44042,558,109,7605,False,3,0,47,23041,19893,40741,376
True,1521,9,2,1,32,55,16,96319,57042,605,149,7605,False,5,0,59,27282,26626,29751,465
False,752,0,0,0,4,2,17,23440,18737,233,29,3760,False,2,0,17,0,0,0,0
True,752,2,1,0,17,18,5,26738,28064,333,39,3760,False,1,0,16,0,0,0,0
False,2261,6,2,1,43,67,47,149059,77016,810,178,11305,False,4,0,79,27644,29603,40938,406
True,2261,9,3,2,46,87,43,171328,81004,834,208,11305,False,6,0,85,23914,28441,39565,383
True,1383,9,1,1,44,73,23,89327,53532,414,136,6915,False,4,0,49,28997,39470,47164,311
False,1383,0,1,0,22,25,44,64517,40850,453,125,6915,False,4,0,40,25929,33026,48807,328
False,1499,0,3,0,25,45,35,78859,43095,535,150,7495,False,2,0,49,25475,30364,48534,408
True,1499,8,1,1,35,63,25,97171,56094,598,102,7495,False,5,0,52,26249,31014,42988,443
True,919,2,0,0,21,25,10,43667,33101,336,52,4595,False,1,0,27,28571,34488,45496,421
False,919,1,1,0,10,13,21,34666,27776,347,52,4595,False,4,0,25,25111,30169,47073,393
False,1516,3,0,0,17,24,32,81164,44286,543,105,7580,False,3,0,38,23883,34723,43516,365
True,1516,9,4,1,32,45,17,92588,53646,577,145,7580,False,4,0,45,24823,30425,49512,393
True,2067,10,3,2,44,74,35,169511,76052,803,195,10335,False,3,0,82,26369,29537,28989,473
False,2067,4,1,0,35,36,45,110885,68172,763,126,10335,False,7,0,62,24656,20304,40767,437
True,2667,11,4,3,47,78,35,224860,92384,1011,359,13335,False,7,0,107,24169,31258,42785,474
False,2667,7,3,0,35,56,48,167947,84506,992,227,13335,False,6,0,102,25667,27392,43942,409
False,1755,1,1,0,22,33,42,112950,53550,632,174,8775,False,4,0,39,24443,29213,39800,402
True,1755,9,3,1,42,88,22,124050,64377,657,105,8775,False,6,0,50,25516,26810,40413,443
True,1460,10,1,1,27,36,18,77130,53787,543,84,7300,False,5,0,50,26749,31299,41426,429
False,1460,4,2,0,18,18,27,63434,43391,571,207,7300,False,1,0,37,25224,29697,44754,392
True,2050,9,3,1,52,105,35,145798,73105,715,158,10250,False,5,0,74,26042,31355,50171,379
False,2050,6,2,0,35,58,52,163290,66221,753,153,10250,False,5,0,73,24523,35971,45795,415
False,2261,3,1,0,37,66,44,168418,71876,888,193,11305,False,5,0,77,26214,27816,43444,414
True,2261,8,5,2,43,59,37,164218,81117,912,245,11305,False,6,0,124,25999,28638,44749,463
True,2013,8,3,2,42,46,33,126440,68779,672,193,10065,False,7,0,56,24627,23708,43592,408
False,2013,8,1,0,33,39,42,114894,64666,799,184,10065,False,3,0,62,25526,26222,39415,442
False,2285,2,1,0,30,44,32,120261,67364,874,121,11425,False,3,0,49,23703,26440,39142,402
True,2285,10,5,2,32,62,30,147636,76277,822,120,11425,False,9,0,81,22443,27603,41306,409
False,1440,1,1,0,13,15,29,68240,40609,572,72,7200,False,1,0,54,22819,31350,41034,399
True,1440,10,2,1,29,34,14,70258,52044,574,102,7200,False,4,0,50,26427,27617,49354,378
False,1911,1,2,0,33,56,48,124175,60744,761,88,9555,False,3,0,81,25084,32519,51153,424
True,1911,10,2,2,48,81,33,146387,75671,746,178,9555,False,5,0,93,30128,37380,34266,436
True,2407,10,2,1,43,64,32,139068,82233,918,203,12035,False,3,0,80,25183,23761,36702,419
False,2407,8,4,1,32,73,43,158865,76211,878,207,12035,False,7,0,109,22621,24707,36080,440
True,1428,9,1,0,39,51,22,95332,56472,549,112,7140,False,3,0,49,30741,35546,42391,438
False,1428,0,1,0,22,34,39,77823,43639,521,119,7140,False,3,0,51,24162,29289,44475,371
False,1373,0,1,0,10,15,28,45340,35639,499,76,6865,False,3,0,55,22384,23595,42467,381
True,1373,5,1,1,27,33,10,64178,49380,566,122,6865,False,3,0,35,28540,30965,40564,422
False,1520,3,1,1,13,13,29,53801,44142,603,88,7600,False,1,0,49,23463,16745,34154,431
True,1520,7,2,0,29,66,14,85659,52311,631,126,7600,False,7,0,55,23827,22340,28984,466
False,2083,6,4,0,27,24,30,124657,67051,833,63,10415,False,5,0,73,23771,20241,36425,460
True,2083,8,1,2,30,45,27,98357,71192,850,100,10415,False,4,0,58,24723,20593,35830,471
True,1445,9,2,1,34,43,16,91417,53790,573,57,7225,False,5,0,46,27598,32860,37596,416
False,1445,3,1,0,16,15,34,55730,42234,484,78,7225,False,1,0,41,22613,21936,43399,317
False,1491,3,1,0,22,41,32,82607,47494,581,144,7455,False,2,0,34,25432,28145,37319,398
True,1491,11,2,1,32,42,22,93579,58703,630,116,7455,False,5,0,60,25592,24471,47220,449
True,2337,10,4,1,50,51,50,175355,82372,849,157,11685,False,9,0,61,28513,40008,46644,435
False,2337,2,1,0,50,67,50,153889,75797,927,129,11685,False,2,0,75,25241,31893,51231,356
False,1041,0,0,0,6,4,20,36961,26496,388,40,5205,False,1,0,35,21101,27227,44739,367
True,1041,3,2,0,20,27,7,39902,35908,449,67,5205,False,4,0,43,28610,31005,49058,453
True,1739,11,4,0,37,29,38,106058,63367,705,107,8695,False,4,0,48,25766,26831,48909,411
False,1739,3,0,0,38,42,37,98045,58672,626,109,8695,False,6,0,52,27095,32544,38742,371
False,1719,4,1,0,15,16,35,99514,47519,642,98,8595,False,4,0,52,23597,26508,37032,419
True,1719,8,2,0,35,44,15,107604,57102,643,291,8595,False,3,0,46,23162,23290,39794,389
False,2084,5,1,2,29,61,32,138133,68285,793,128,10420,False,5,0,96,25147,30126,41229,428
True,2084,11,4,0,32,47,29,139399,71177,796,144,10420,False,5,0,85,25414,30541,48370,430
False,1424,2,0,0,10,15,30,65233,37438,509,92,7120,False,3,0,48,23441,27899,42814,400
True,1424,9,2,1,29,47,10,78765,51372,585,119,7120,False,4,0,46,25248,28868,41792,446
True,937,3,0,0,26,24,8,43938,35171,360,72,4685,False,1,0,28,29837,34827,41360,390
False,937,0,2,0,8,15,26,33673,24829,302,64,4685,False,3,0,26,23096,28395,51415,361
False,1406,2,3,0,8,13,26,69914,39483,535,120,7030,False,3,0,47,23744,32635,44123,430
True,1406,11,0,1,26,28,8,81476,51257,599,91,7030,False,2,0,40,26622,29737,46149,431
True,1489,10,2,1,30,34,23,86826,55857,583,78,7445,False,3,0,45,28500,37810,42429,401
False,1489,1,0,0,23,23,30,62715,44326,571,114,7445,False,3,0,34,25284,30014,44742,353
True,1628,9,2,0,34,56,18,115574,56306,573,116,8140,False,7,0,52,28341,35528,51839,408
False,1628,1,1,1,18,34,34,113342,47721,553,96,8140,False,1,0,54,23139,30821,50667,402
True,1972,9,3,1,22,35,27,115967,64002,766,145,9860,False,5,0,67,25217,23119,42589,394
False,1972,3,2,0,27,42,22,122443,58565,754,177,9860,False,5,0,63,23365,25021,34436,414
True,2147,10,2,2,38,52,38,133444,73232,739,213,10735,False,3,0,79,23584,25639,38268,380
False,2147,2,3,0,38,83,38,134397,66878,746,165,10735,False,7,0,76,24306,24178,36966,384
False,1944,4,3,0,44,62,38,133412,63913,722,153,9720,False,5,0,77,25758,29933,39854,405
True,1944,9,2,1,38,34,44,115748,65554,613,116,9720,False,5,0,67,24861,29563,46002,383
True,1986,8,3,1,34,49,23,104136,65908,777,149,9930,False,6,0,61,24323,23280,45707,426
False,1986,3,1,0,23,36,34,137811,60857,778,245,9930,False,3,0,73,23881,34213,36821,442
True,2207,8,4,0,37,65,17,123900,73235,965,206,11035,False,8,0,105,25916,28788,36527,475
False,2207,10,1,1,17,13,37,100084,71394,934,122,11035,False,3,0,77,23171,19378,44131,447
True,1308,10,2,0,32,41,13,87727,47306,508,120,6540,False,4,0,35,24423,34926,47435,425
False,1308,1,0,0,13,9,32,54614,33600,474,91,6540,False,1,0,38,22235,26904,44226,373
False,1326,2,0,0,10,17,22,49608,38744,546,83,6630,False,2,0,31,23584,22354,38929,426
True,1326,6,3,1,22,26,10,64266,47124,550,100,6630,False,5,0,49,27639,27724,40207,469
True,2456,11,3,2,54,83,42,164501,86678,864,222,12280,False,4,0,126,27271,28495,41571,378
False,2456,8,2,0,42,49,54,154853,80824,894,160,12280,False,6,0,81,25715,27629,43440,367
True,1908,11,3,1,35,57,32,126925,67099,621,117,9540,False,5,0,68,23011,26043,35613,396
False,1908,4,1,0,32,47,35,107819,61449,729,116,9540,False,4,0,50,26265,22560,42523,422
False,2246,3,3,1,36,58,33,124227,69953,762,125,11230,False,7,0,90,22544,18923,40614,391
True,2246,10,2,1,33,60,36,155216,77344,867,194,11230,False,4,0,77,25471,29323,34500,483
True,2031,8,3,0,31,73,19,136859,65544,780,173,10155,False,6,0,82,23025,21818,33185,457
False,2031,7,2,1,19,32,31,110364,62112,847,206,10155,False,3,0,63,22651,20031,33046,467
True,1124,8,0,0,22,37,9,58728,42093,476,71,5620,False,2,0,39,25420,29315,37324,429
False,1124,1,2,0,9,10,22,39369,31101,447,58,5620,False,3,0,24,23374,22657,45877,420
False,1845,1,0,0,27,40,48,105793,54767,655,196,9225,False,3,0,44,23535,29523,43826,367
True,1845,11,4,0,48,53,28,144310,71298,797,134,9225,False,5,0,44,29038,30340,46966,440
True,2408,7,2,2,41,88,41,176625,81988,866,236,12040,False,3,0,102,25267,29350,40260,395
False,2408,8,4,0,41,73,41,138466,79096,849,235,12040,False,9,0,77,28494,29931,46273,429
False,1789,1,1,0,27,27,44,102244,55585,655,77,8945,False,2,0,51,26006,30500,43804,404
True,1789,11,4,1,44,49,27,124114,67462,713,116,8945,False,8,0,59,27273,30646,42760,436
True,1761,11,2,1,36,59,28,114384,66610,721,85,8805,False,6,0,51,27316,35792,51547,423
False,1761,6,2,0,28,36,36,94226,58000,659,133,8805,False,3,0,64,26916,35406,53380,377
True,1839,10,3,0,39,61,33,140623,64491,666,225,9195,False,7,0,46,29391,35788,40126,436
False,1839,2,1,1,33,53,39,102825,56591,599,142,9195,False,1,0,57,23646,25810,50198,335
False,1728,4,0,0,24,42,29,112027,54935,715,151,8640,False,5,0,45,24581,27528,42077,465
True,1728,8,3,1,29,30,24,110685,59227,761,237,8640,False,2,0,62,23422,29199,38880,449
False,1664,3,0,0,16,22,26,58588,47891,691,108,8320,False,3,0,51,23147,21776,36922,421
True,1664,9,4,1,26,44,16,104425,58617,667,268,8320,False,4,0,61,24275,28380,38480,417
False,1623,1,0,0,13,15,38,106460,43538,584,158,8115,False,1,0,55,21783,33248,44909,373
True,1623,7,4,0,38,64,13,103715,55158,591,260,8115,False,7,0,59,26919,29345,48201,418
False,1663,5,1,0,28,38,36,102156,50285,513,111,8315,False,4,0,63,24588,34922,43215,394
True,1663,6,2,1,36,55,28,95026,57738,554,280,8315,False,5,0,63,25060,29477,45253,375
True,1738,6,3,1,26,48,19,80878,61665,761,232,8690,False,5,0,64,26620,20754,30495,451
False,1738,1,1,0,19,29,26,68694,50817,710,80,8690,False,2,0,70,21383,14643,29980,399
True,1884,9,2,1,27,48,16,99919,63860,779,96,9420,False,5,0,58,23174,28964,37287,374
False,1884,5,3,0,14,18,27,94273,56660,761,137,9420,False,5,0,76,23872,25662,41189,442
False,926,0,0,0,10,11,19,29623,26729,348,59,4630,False,2,0,21,24327,28518,49907,392
True,926,4,2,0,19,15,10,37056,33544,392,67,4630,False,3,0,28,30332,35265,52456,438
False,1768,3,1,1,12,16,30,61836,51694,739,79,8840,False,1,0,52,22704,20954,42229,442
True,1768,10,3,1,30,43,12,89879,63665,766,90,8840,False,8,0,59,25378,28549,31991,456
False,1705,3,2,0,17,29,34,80339,49810,615,103,8525,False,3,0,71,23895,24720,46854,386
True,1705,9,2,1,34,55,17,99799,61271,657,97,8525,False,6,0,57,26396,31832,36350,422
False,1378,0,2,0,22,37,24,85457,42961,544,127,6890,False,1,0,40,24904,38111,44569,390
True,1378,11,1,1,23,24,22,71965,50949,516,118,6890,False,5,0,51,29618,35336,53621,421
False,1512,3,1,0,18,26,29,70536,45295,549,115,7560,False,3,0,38,25065,27839,41795,396
True,1512,7,2,1,29,37,18,93791,53172,568,145,7560,False,3,0,55,24425,27445,41825,421
False,1735,2,0,0,24,30,41,68582,50751,551,100,8675,False,3,0,69,22606,21530,43499,323
True,1735,11,4,0,41,55,24,113288,65024,704,181,8675,False,6,0,63,27833,32522,36839,458
True,1887,10,2,1,25,27,30,93003,59408,600,55,9435,False,3,0,58,25573,21959,45605,382
False,1887,5,2,0,30,41,25,92124,57611,670,98,9435,False,5,0,72,24641,27799,39841,380
True,1235,4,2,0,27,33,20,86132,42695,435,75,6175,False,5,0,37,26896,39222,45591,391
False,1235,2,0,0,20,27,28,62100,35733,372,115,6175,False,0,0,40,24175,32634,52707,325
True,2020,11,2,1,40,84,27,137429,65711,619,223,10100,False,5,0,63,24465,24148,38552,403
False,2020,4,2,0,27,61,41,121230,59857,688,179,10100,False,2,0,50,21617,22733,36750,414
False,2004,8,3,1,37,60,37,139792,67995,729,190,10020,False,4,0,74,27094,29941,52782,405
True,2004,10,2,0,37,53,37,150415,69066,730,220,10020,False,4,0,55,26717,36544,46916,399
True,1548,10,2,1,42,40,24,105760,57736,574,141,7740,False,5,0,45,28401,36578,42620,443
False,1548,0,1,0,24,37,42,86515,48142,565,114,7740,False,2,0,54,23333,27436,46538,376
False,911,0,0,0,5,3,17,23742,23175,363,34,4555,False,0,0,17,21630,22881,39987,413
True,911,2,2,0,16,10,5,28324,30315,407,32,4555,False,3,0,24,28451,26423,37817,466
True,2084,9,1,0,38,53,37,126601,67564,701,126,10420,False,3,0,56,23875,22338,35403,387
False,2084,5,3,1,37,73,38,132127,68235,676,195,10420,False,7,0,65,23803,22791,39510,390
True,2152,8,2,2,49,76,43,148294,75089,683,182,10760,False,6,0,73,25883,31286,47709,345
False,2152,8,2,0,43,73,49,146047,73582,697,137,10760,False,3,0,66,27718,34186,45014,380
False,1553,1,1,0,21,42,37,83496,45410,528,205,7765,False,1,0,42,23612,25286,49105,394
True,1553,10,3,0,37,46,21,117701,55273,536,149,7765,False,4,0,49,25657,32278,38775,423
False,1673,2,0,0,17,34,24,81590,50194,661,155,8365,False,1,0,47,21324,20182,30783,393
True,1673,11,4,1,24,35,17,62531,55525,634,132,8365,False,5,0,53,27662,24572,35310,414
True,923,3,1,0,20,27,5,29001,33741,405,59,4615,False,5,0,22,30311,25906,38026,447
False,923,0,1,0,5,6,20,25334,23261,343,51,4615,False,0,0,30,21594,23756,37389,410
True,2445,10,2,1,65,77,52,185547,87999,796,266,12225,False,4,0,71,27312,32293,41188,342
False,2445,10,3,1,52,75,65,169071,79936,724,190,12225,False,6,0,65,25421,33198,44588,321
True,1359,9,1,1,40,70,15,80345,51212,426,196,6795,False,6,0,49,26047,28670,44951,356
False,1359,1,2,0,15,18,40,53255,36399,454,119,6795,False,1,0,41,23211,31058,40766,367
True,2133,9,4,1,37,71,35,155475,75309,821,172,10665,False,10,0,101,26193,26985,34863,475
True,2133,9,4,1,37,71,35,155475,75309,821,172,10665,False,10,0,101,26193,26985,34863,475
False,2133,3,1,0,35,69,37,118475,64815,815,149,10665,False,0,0,82,22832,21319,39606,414
False,2133,3,1,0,35,69,37,118475,64815,815,149,10665,False,0,0,82,22832,21319,39606,414
False,1774,4,1,1,37,54,34,116304,62757,691,151,8870,False,1,0,50,29326,35581,51649,397
True,1774,9,3,1,34,64,38,123319,64852,675,216,8870,False,7,0,72,26135,30736,50214,385
False,946,0,0,0,12,16,16,38292,27138,318,101,4730,False,1,0,32,24308,29032,36338,379
True,946,2,2,0,16,22,12,37646,31052,367,50,4730,False,3,0,28,26531,27496,46760,424
True,1603,10,3,1,34,57,20,109967,56632,573,147,8015,False,2,0,48,27162,40911,47243,346
False,1603,4,0,0,20,18,34,78812,48816,600,100,8015,False,3,0,59,26068,34704,56649,410
True,1807,11,2,0,23,39,28,113805,63871,727,150,9035,False,3,0,69,27932,27308,45233,478
False,1807,3,2,1,28,46,23,110657,58484,735,96,9035,False,5,0,61,24643,25632,43980,435
False,2556,7,3,1,38,58,46,202263,85536,922,208,12780,False,5,0,77,24706,27490,30455,463
True,2556,10,4,2,46,79,38,194696,87492,956,168,12780,False,5,0,100,23869,18210,38498,437
True,1619,9,2,1,32,33,22,91419,57647,651,209,8095,False,4,0,46,24276,31487,50648,409
False,1619,3,2,0,22,21,32,92972,49206,615,98,8095,False,4,0,57,25763,35826,44634,410
True,1679,11,4,1,36,59,27,113608,59562,596,215,8395,False,5,0,68,24326,22936,40213,416
False,1679,7,0,0,27,44,36,97404,57188,629,136,8395,False,1,0,62,22973,20890,36144,388
False,1560,4,0,0,30,43,33,83580,52043,590,105,7800,False,2,0,55,27972,35188,45814,395
True,1560,8,3,1,33,44,30,84713,56512,592,70,7800,False,6,0,62,27192,31399,50482,408
True,1817,8,1,1,39,76,21,111296,61899,659,132,9085,False,5,0,52,24243,23781,45089,427
False,1817,2,2,0,21,34,39,113543,53187,698,118,9085,False,2,0,68,25316,29514,40263,448
True,930,3,2,0,12,9,3,32567,31705,432,41,4650,False,3,0,32,28175,29827,34102,520
False,930,0,0,0,3,2,12,18391,22507,370,34,4650,False,2,0,28,20621,18166,39202,410
True,1533,9,1,1,30,42,24,94202,55704,576,76,7665,False,3,0,48,23903,29146,39149,391
False,1533,2,2,0,24,34,31,74464,48144,599,99,7665,False,5,0,28,26974,26916,43442,436
True,1534,9,3,1,43,53,16,96271,58691,561,113,7670,False,3,0,42,26159,29603,49786,416
False,1534,3,0,0,16,16,43,81170,44837,541,83,7670,False,5,0,38,23287,28217,39929,397
False,1389,2,1,0,11,12,16,45446,40534,619,76,6945,False,1,0,46,24249,28410,49058,457
True,1389,3,2,1,16,23,11,69395,45698,593,83,6945,False,6,0,41,26034,34659,42708,441
True,1626,8,4,1,38,71,21,113660,57613,602,176,8130,False,4,0,51,22833,26424,46552,357
False,1626,2,0,0,21,28,38,111121,47444,598,68,8130,False,3,0,49,26760,36954,45783,427
True,2190,11,4,2,35,50,25,137702,76638,833,79,10950,False,6,0,58,24970,31105,44278,429
False,2190,2,1,0,25,36,35,107853,67252,955,135,10950,False,4,0,63,25339,30362,41419,414
False,938,0,0,0,11,15,23,35441,26707,346,41,4690,False,1,0,34,23581,29582,44277,365
True,938,2,1,0,23,18,11,40709,33286,407,73,4690,False,3,0,24,29046,33725,45795,443
True,1162,6,2,0,19,25,5,50295,41236,514,84,5810,False,2,0,32,26725,27669,37975,418
False,1162,0,0,0,5,4,19,28474,28991,442,43,5810,False,3,0,32,21739,21011,38523,387
False,1868,4,0,1,29,59,33,137215,56902,661,155,9340,False,2,0,60,23520,26920,31308,393
True,1868,8,4,1,33,56,29,119017,64593,645,122,9340,False,7,0,55,23973,19966,40611,459
False,1741,3,1,0,25,39,30,87946,52979,669,311,8705,False,3,0,53,23280,29588,46294,417
True,1741,9,4,1,30,46,25,120874,62664,705,78,8705,False,5,0,58,24884,30820,42534,451
False,1232,2,0,0,14,13,23,55542,36177,460,86,6160,False,1,0,41,26182,32401,51072,429
True,1232,2,2,0,23,47,14,64241,38095,395,80,6160,False,4,0,36,24464,33400,45088,352
False,951,0,1,0,3,3,18,32853,23422,338,42,4755,False,1,0,29,21029,26781,46013,394
True,951,1,1,0,18,23,3,40065,33461,441,73,4755,False,4,0,28,28858,31661,38599,498
False,1586,1,0,0,21,37,31,61256,44790,551,161,7930,False,1,0,49,23652,21519,42526,371
True,1586,8,3,1,30,30,21,85225,55489,637,122,7930,False,6,0,55,28865,32983,38256,457
False,924,0,0,0,2,2,24,28152,20029,262,57,4620,False,3,0,26,18652,24353,45670,304
True,924,4,1,0,24,31,2,43697,36040,384,59,4620,False,1,0,21,32170,36016,38903,447
True,1715,8,3,0,38,58,22,98995,60189,634,169,8575,False,6,0,69,25110,24176,41132,417
False,1715,3,1,1,22,32,38,103534,53252,646,109,8575,False,2,0,74,24934,29702,40182,432
True,1700,10,1,1,38,63,16,89627,60724,639,123,8500,False,7,0,50,27161,29294,40161,417
False,1700,3,1,0,16,17,38,65637,49474,657,137,8500,False,2,0,60,23591,24071,39923,368
True,1399,9,2,1,33,34,21,75857,52397,483,104,6995,False,6,0,39,28737,35859,47913,379
False,1399,1,1,0,21,35,33,63263,43470,553,78,6995,False,1,0,42,26703,32547,46187,403
True,1004,1,2,0,20,23,7,43429,32711,399,81,5020,False,3,0,27,26116,30706,35264,412
False,1004,0,0,0,7,10,20,30509,26809,383,89,5020,False,2,0,29,22764,22575,41436,395
True,919,3,1,0,22,27,2,49397,33802,403,113,4595,False,3,0,27,30532,42291,43658,470
False,919,0,0,0,2,3,22,30406,21046,291,58,4595,False,1,0,19,18525,25122,50762,341
False,1640,2,0,0,18,26,23,68871,48421,694,52,8200,False,4,0,70,24419,23856,31761,455
True,1640,7,4,2,23,23,18,67686,56256,684,88,8200,False,4,0,64,23288,18024,38232,444
True,2583,9,5,0,54,79,44,296012,82003,762,330,12915,False,9,0,69,22257,26221,43051,330
False,2583,3,1,1,44,89,54,240301,76256,682,384,12915,False,2,0,57,22880,27368,41714,339
True,1830,9,2,1,43,34,30,112071,67604,733,178,9150,False,4,0,53,27024,24732,41615,401
False,1830,5,1,0,30,53,44,113027,59213,724,140,9150,False,3,0,46,24163,25860,44407,412
False,1125,1,0,0,10,8,24,37602,30568,405,41,5625,False,3,0,27,22634,25722,48096,386
True,1125,4,1,0,24,20,10,54630,37404,444,93,5625,False,2,0,34,25754,34873,40377,387
True,911,4,1,0,30,23,9,43808,35390,372,55,4555,False,3,0,27,32486,39430,51237,429
False,911,0,0,0,9,4,30,32439,22511,253,49,4555,False,1,0,17,20604,29949,53063,299
False,1945,4,1,0,26,28,34,89567,56739,678,96,9725,False,5,0,66,22958,26902,42043,370
True,1945,6,4,2,33,77,26,107081,64046,643,193,9725,False,3,0,73,23464,28170,41166,396
True,918,3,2,0,19,22,4,38706,32331,379,49,4590,False,4,0,25,28349,33662,45077,452
False,918,0,0,0,4,2,19,30878,20739,359,73,4590,False,0,0,22,19137,26891,37643,326
False,946,0,0,0,5,3,17,19866,23209,291,44,4730,False,3,0,47,21091,18270,47240,363
True,946,5,2,0,17,14,5,40610,33393,385,60,4730,False,2,0,24,27921,32782,33915,426
True,1776,9,2,1,50,49,30,135194,66295,655,125,8880,False,5,0,75,25755,33944,50023,425
False,1776,3,2,0,30,36,50,116834,55917,667,122,8880,False,3,0,64,25971,32255,45949,406
True,1947,9,2,1,31,48,27,102811,66764,802,99,9735,False,7,0,59,24589,25081,38246,444
False,1947,3,2,0,27,40,31,118204,57762,707,150,9735,False,4,0,76,24855,27166,39391,453
False,1724,5,1,0,23,30,37,101425,56692,677,115,8620,False,3,0,65,26164,29120,51176,439
True,1724,10,3,1,37,67,23,107286,63784,641,121,8620,False,6,0,45,27310,30558,46804,416
False,2388,5,1,0,28,54,46,133175,74376,959,138,11940,False,1,0,82,24548,27572,40420,394
True,2388,10,4,2,46,64,28,162429,84588,907,149,11940,False,11,0,76,25678,27711,37413,425
False,1650,4,1,0,16,25,28,77964,47518,601,127,8250,False,3,0,57,23317,23442,42855,385
True,1650,7,3,1,28,48,16,100123,57022,642,152,8250,False,4,0,55,24246,29750,38213,397
True,1929,10,2,2,47,84,25,128434,68442,628,151,9645,False,4,0,74,23731,25992,41819,375
False,1929,6,2,0,25,37,47,108936,61752,730,201,9645,False,5,0,57,25298,28961,40071,393
True,1647,10,2,1,41,68,15,106150,60606,595,117,8235,False,3,0,53,26549,32342,48564,410
False,1647,1,2,0,15,17,41,77391,43709,601,122,8235,False,4,0,51,24119,31466,46531,392
True,1780,11,3,0,49,59,28,125507,66037,630,102,8900,False,3,0,61,27423,31226,40318,380
False,1780,1,0,0,28,42,49,94305,54850,698,111,8900,False,4,0,60,24961,29441,44945,361
True,1121,4,1,0,15,15,6,39596,39245,528,41,5605,False,5,0,32,27053,18277,28458,480
False,1121,1,1,0,6,7,15,26109,31245,506,38,5605,False,2,0,27,23939,14467,35325,445
False,1761,8,0,0,31,39,41,108991,61362,664,147,8805,False,5,0,69,26920,28880,46250,441
True,1761,7,4,1,41,77,31,124132,64861,693,77,8805,False,4,0,68,27303,32307,45639,445
True,1578,9,3,1,23,32,13,79942,53362,580,98,7890,False,6,0,48,24310,22619,33415,447
False,1578,0,0,0,13,22,23,85097,41610,524,49,7890,False,2,0,56,20537,20246,34283,348
True,1525,11,3,1,41,61,32,112032,61665,589,108,7625,False,4,0,60,26803,29319,55478,418
False,1525,2,1,0,32,38,41,100963,48685,566,78,7625,False,2,0,45,27850,36394,43724,389
False,1494,2,0,0,14,20,25,68333,42659,581,104,7470,False,4,0,35,23446,22818,37766,418
True,1494,6,3,1,25,48,14,74492,52757,618,162,7470,False,4,0,52,26280,24765,36296,462
True,1452,11,3,1,31,41,16,79536,57041,583,102,7260,False,6,0,42,31565,32846,41662,466
False,1452,1,0,0,16,31,31,63374,41813,511,147,7260,False,0,0,44,22758,22877,44203,367
True,917,2,2,0,24,21,10,42100,32461,380,44,4585,False,3,0,24,28970,36468,48705,440
False,917,0,0,0,10,10,24,34210,26098,340,50,4585,False,2,0,23,23417,27225,44149,373
False,1712,5,1,0,32,45,33,96975,54337,571,135,8560,False,2,0,42,27447,32930,39639,374
True,1712,6,2,1,32,47,32,93823,60055,665,138,8560,False,7,0,79,26234,27256,46739,403
False,2314,5,3,0,30,62,35,147658,67912,805,211,11570,False,6,0,75,24512,36316,41036,376
True,2314,11,3,3,35,65,30,143450,80395,858,257,11570,False,5,0,78,25676,27782,49520,423
False,1501,2,0,0,16,24,31,63213,43919,574,56,7505,False,7,0,41,24470,26151,38637,403
True,1501,4,3,1,31,45,16,84423,52913,625,96,7505,False,1,0,52,26515,27899,38898,444
True,2053,11,2,0,58,105,38,163161,75635,738,127,10265,False,6,0,57,28862,36492,43939,394
False,2053,6,3,1,38,39,58,121756,70832,773,102,10265,False,2,0,53,26433,30362,52579,406
True,1948,11,3,2,31,42,16,123752,65898,711,140,9740,False,5,0,74,23792,32193,38643,414
False,1948,1,1,0,16,26,31,69500,52654,716,108,9740,False,3,0,55,21431,20736,46967,391
True,2170,10,4,1,25,38,43,119775,69301,780,97,10850,False,8,0,71,24091,24161,51526,400
False,2170,5,1,0,43,38,25,167601,65565,710,101,10850,False,3,0,92,25888,36765,38390,353
False,1440,0,1,0,18,26,36,77184,37016,470,95,7200,False,1,0,39,23470,28159,44602,384
True,1440,10,2,0,36,64,19,96290,53549,499,112,7200,False,6,0,55,28030,27215,44539,434
True,1388,8,3,1,32,44,11,73696,49759,579,89,6940,False,3,0,36,27111,28860,36651,390
False,1388,2,0,0,11,16,32,46779,39493,514,60,6940,False,4,0,51,23388,25470,45324,386
True,1490,11,2,1,41,54,15,87738,60225,623,81,7450,False,6,0,45,27789,34346,40704,439
False,1490,2,0,0,15,23,41,58008,42815,584,29,7450,False,2,0,42,24383,26605,42416,381
False,1928,4,3,0,25,43,34,89392,55837,648,113,9640,False,3,0,73,24540,25704,37337,375
True,1928,7,2,1,34,70,25,116556,62540,689,145,9640,False,4,0,80,22797,23907,38820,405
False,2470,6,4,0,38,74,41,172716,77767,862,206,12350,False,7,0,73,28662,23026,42123,451
True,2470,11,3,3,41,77,38,210319,83134,829,174,12350,False,6,0,86,24412,24316,37375,412
False,1554,3,0,0,19,28,41,98961,43580,507,164,7770,False,2,0,41,23374,32564,53353,384
True,1554,9,3,1,40,77,19,136399,58689,575,184,7770,False,4,0,65,25079,39629,50318,434
False,2226,8,3,1,39,66,42,125423,73075,846,222,11130,False,6,0,65,26879,26489,42311,454
True,2226,7,2,2,42,74,39,149291,75655,853,105,11130,False,4,0,64,24429,25230,40256,413
True,2607,11,3,1,60,92,51,227808,90655,843,185,13035,False,7,0,76,26467,32219,47228,395
False,2607,5,3,2,50,65,60,221735,85903,896,199,13035,False,4,0,77,25947,33385,50527,371
False,1549,0,0,0,16,24,40,65031,43393,557,80,7745,False,3,0,56,23377,24631,40644,393
True,1549,8,4,1,40,69,17,99303,57799,578,138,7745,False,5,0,46,27120,32114,41740,450
False,1978,5,2,0,47,81,41,122681,66573,645,171,9890,False,4,0,79,29524,30617,39481,398
True,1978,4,3,2,41,100,47,144240,66111,629,227,9890,False,4,0,73,23855,26749,42897,378
True,2227,11,4,0,33,36,35,154419,75476,900,202,11135,False,5,0,69,25787,32918,46426,407
False,2227,4,2,0,35,36,33,137093,71902,905,143,11135,False,4,0,82,25494,33242,48846,375
True,1591,9,4,1,37,49,18,99336,59566,672,110,7955,False,6,0,52,28216,30726,38237,448
False,1591,1,0,0,18,21,37,66999,45968,626,111,7955,False,1,0,44,23602,25690,44576,376
False,2095,5,4,0,27,48,35,148614,65982,816,174,10475,False,6,0,92,22954,30742,41502,424
True,2095,9,1,1,35,56,27,124809,68597,761,105,10475,False,5,0,87,23000,25870,44155,381
True,2469,10,2,1,45,51,37,245772,85655,1019,148,12345,False,6,0,78,25312,30353,43376,420
False,2469,5,3,0,37,45,45,188926,79466,1000,157,12345,False,7,0,80,24612,27189,44742,402
False,1744,4,0,0,26,39,31,80754,54410,649,99,8720,False,5,0,52,27558,26723,39491,410
True,1744,9,4,1,31,53,26,96726,59694,603,125,8720,False,3,0,42,25120,26670,44472,415
True,1808,10,2,1,25,31,14,100637,63253,807,190,9040,False,6,0,55,25756,30112,40101,475
False,1808,3,1,0,14,27,26,86892,50912,721,156,9040,False,2,0,70,20961,22924,43416,402
True,1808,10,4,2,40,74,25,132708,69761,710,240,9040,False,8,0,79,27790,34048,41317,470
False,1808,2,0,0,25,37,41,99381,56215,732,168,9040,False,1,0,59,24535,26154,44978,408
True,1820,8,2,2,38,76,28,118697,65576,658,168,9100,False,3,0,75,25846,28389,43260,407
False,1820,4,2,0,27,31,38,102593,59621,733,84,9100,False,6,0,53,26094,30035,44496,385
True,1817,11,3,1,33,60,23,101232,68019,757,108,9085,False,7,0,51,26084,24555,41808,457
False,1817,3,1,1,23,39,33,94580,58221,696,114,9085,False,3,0,70,25054,27551,41841,395
False,1913,3,2,0,26,32,34,103769,61644,749,86,9565,False,3,0,69,26460,27159,47891,385
True,1913,10,3,2,34,40,26,120595,72081,818,104,9565,False,6,0,89,27532,36166,44585,440
False,2565,7,4,1,51,69,49,205420,87260,983,369,12825,False,7,0,68,24694,32985,41969,385
True,2565,10,2,2,49,71,51,195256,87462,888,142,12825,False,4,0,75,26111,29306,48620,430
False,1640,3,0,0,12,19,29,80552,45246,612,116,8200,False,5,0,50,22064,27627,39927,404
True,1640,11,4,1,29,37,12,102422,58677,704,94,8200,False,3,0,62,25188,25921,43778,457
False,1798,2,1,0,15,20,29,74431,51751,777,107,8990,False,1,0,65,22323,15944,34913,415
True,1798,10,3,1,29,42,15,103649,65968,827,111,8990,False,8,0,65,25590,24629,29805,475
False,1884,4,1,0,16,20,33,87666,52236,679,150,9420,False,4,0,74,20398,19518,45351,364
True,1884,10,3,1,32,52,16,130829,66078,780,165,9420,False,3,0,65,25301,31253,32745,433
True,1694,10,3,1,34,53,23,105962,62006,631,222,8470,False,6,0,55,27405,28858,41210,437
False,1694,5,1,0,23,24,34,90405,52746,683,142,8470,False,3,0,48,25781,27937,45286,409
False,2001,5,2,0,26,39,34,110000,64509,837,103,10005,False,5,0,99,27168,32102,46774,427
True,2001,10,3,2,34,52,26,135036,75814,897,151,10005,False,5,0,75,25931,34659,46586,462
True,921,3,1,0,17,15,7,32849,31822,380,23,4605,False,3,0,22,28706,29636,39569,442
False,921,0,0,0,7,8,18,24861,23929,309,59,4605,False,1,0,33,21683,22925,41422,340
True,1688,9,2,0,23,20,24,96328,56058,674,106,8440,False,3,0,57,25600,28432,43892,396
False,1688,4,2,1,24,29,23,84197,51921,640,167,8440,False,4,0,61,23478,24553,37351,387
False,1470,5,1,0,24,29,29,78314,46649,517,100,7350,False,2,0,60,23627,29176,46634,378
True,1470,7,1,1,29,35,24,89455,52943,557,83,7350,False,5,0,62,26389,35654,46242,422
True,1242,9,1,0,32,32,25,65166,45615,401,91,6210,False,3,0,34,26550,32026,54275,339
False,1242,2,1,0,25,29,32,69964,37702,384,72,6210,False,2,0,42,25823,41150,46359,300
True,1663,7,4,0,37,65,22,132997,56100,574,167,8315,False,4,0,56,23908,25281,39866,407
False,1663,3,0,0,20,27,37,96168,48419,569,142,8315,False,3,0,68,24368,22529,40291,415
True,1564,9,3,1,37,51,20,102582,58209,592,111,7820,False,4,0,47,28564,36774,44201,412
False,1564,3,1,0,20,26,37,70864,47122,568,52,7820,False,3,0,49,25421,30388,51224,396
True,1387,10,1,1,24,34,14,66832,51502,561,93,6935,False,1,0,42,29890,26371,37475,444
False,1387,0,2,0,14,22,24,54849,38527,521,113,6935,False,4,0,52,21936,22863,39578,360
False,1633,3,2,0,31,38,29,87732,50728,518,158,8165,False,4,0,42,25035,27405,43654,379
True,1633,8,2,1,29,51,31,87870,57500,567,102,8165,False,3,0,52,27472,30229,41701,378
True,1238,11,1,0,9,12,4,38306,43882,633,64,6190,False,3,0,40,25991,16280,27792,538
False,1238,0,2,0,4,5,9,35383,29932,486,59,6190,False,4,0,31,20187,12493,30197,410
False,1365,5,0,0,14,17,26,38229,40849,487,72,6825,False,4,0,54,27826,21636,42165,418
True,1365,7,3,1,26,49,15,79231,46981,492,129,6825,False,3,0,52,26272,28425,37134,432
False,2014,6,2,1,27,50,39,141409,61203,709,240,10070,False,4,0,64,24608,33291,40962,372
True,2014,9,3,0,39,77,27,149623,68967,683,214,10070,False,5,0,67,26388,27919,49723,388
True,1086,11,1,0,22,23,13,44653,46489,485,33,5430,False,3,0,33,33115,29534,50153,468
False,1086,0,1,0,13,18,22,42999,30708,366,74,5430,False,2,0,34,23932,32676,42343,346
False,1795,6,1,0,29,43,46,116099,57445,620,122,8975,False,2,0,65,25379,32983,49397,435
True,1795,9,3,1,46,69,29,128456,66132,635,174,8975,False,7,0,69,28660,33680,49002,437
False,912,0,0,0,4,3,13,26023,22154,305,35,4560,False,2,0,21,20627,23812,39375,385
True,912,2,2,0,13,12,4,29822,29467,397,35,4560,False,2,0,25,26818,26410,41473,463
False,1467,4,3,0,26,27,37,80652,47981,565,137,7335,False,7,0,38,26387,32881,47466,410
True,1467,8,0,1,37,58,26,86189,57662,582,93,7335,False,0,0,45,29328,33602,48317,393
True,1400,9,1,0,37,41,29,88605,53361,561,110,7000,False,2,0,51,28030,32574,52575,436
False,1400,3,2,0,29,35,37,99708,47348,534,84,7000,False,5,0,32,27102,35549,46799,416
False,1511,1,0,0,16,16,26,50887,41156,554,125,7555,False,2,0,43,24393,22745,42684,412
True,1511,11,3,1,26,30,16,88543,54171,627,78,7555,False,4,0,50,23868,26439,36947,410
False,2672,8,3,2,50,65,50,226199,88278,895,192,13360,False,8,0,84,23437,29669,41559,368
True,2672,11,4,1,50,80,50,208147,88310,886,168,13360,False,4,0,77,22514,24659,42461,355
True,1385,9,1,0,32,66,15,83520,50000,528,85,6925,False,4,0,44,26216,26862,37071,405
False,1385,2,2,1,15,30,32,47698,43589,542,60,6925,False,3,0,41,25939,25479,41181,444
True,935,2,1,0,16,10,7,46493,31622,412,82,4675,False,2,0,25,26283,35960,35690,469
False,935,0,1,0,7,5,16,26557,24272,343,39,4675,False,3,0,26,21201,17997,47138,402
False,1379,2,2,0,14,15,26,47664,39574,535,74,6895,False,0,0,37,23278,23384,43211,404
True,1379,11,1,0,26,46,14,82412,49672,588,104,6895,False,5,0,34,23842,33370,36719,427
False,1740,4,2,0,16,23,29,71688,51010,668,123,8700,False,2,0,51,22818,22044,45808,448
True,1740,8,1,1,29,47,16,109716,59292,654,74,8700,False,6,0,60,24014,33102,40442,384
True,1409,6,3,1,35,54,17,93072,54234,570,166,7045,False,2,0,53,28311,37314,43847,443
False,1409,3,1,0,15,13,35,63706,43015,540,112,7045,False,3,0,48,25469,28629,52326,406
False,966,0,0,0,6,5,14,35406,25628,394,69,4830,False,3,0,22,22953,28777,41093,428
True,966,4,2,0,14,18,6,34992,32425,363,48,4830,False,2,0,26,26180,28371,45538,391
False,1682,1,0,0,25,48,41,121409,49939,592,144,8410,False,4,0,54,21314,27484,44910,399
True,1682,9,4,1,41,61,25,125823,63388,606,190,8410,False,4,0,52,28155,32914,45856,455
True,1749,7,2,0,39,80,36,103956,59513,580,139,8745,False,3,0,63,26107,26102,45219,396
False,1749,5,2,1,36,49,39,113756,59430,617,152,8745,False,5,0,82,27600,33506,39811,437
False,1857,3,1,1,23,44,42,120229,58000,728,167,9285,False,3,0,63,24806,38311,51282,386
True,1857,8,3,0,41,43,23,123998,67854,722,129,9285,False,5,0,55,27914,38709,55298,394
False,2060,9,4,1,30,41,49,134955,70477,736,147,10300,False,7,0,30,25490,26282,43169,445
True,2060,7,0,1,48,82,30,162688,71655,767,135,10300,False,3,0,81,23231,23508,36429,363
False,1347,3,0,0,23,33,25,64427,45139,533,67,6735,False,4,0,49,26938,31652,45877,397
True,1347,1,3,1,25,38,23,62868,45185,508,99,6735,False,2,0,34,25379,30240,45588,380
False,1858,1,1,1,31,66,27,134858,55096,613,151,9290,False,4,0,41,24135,28431,38734,409
True,1858,10,3,0,27,39,31,120756,62409,719,129,9290,False,3,0,73,26373,29269,48289,455
False,1927,3,0,1,18,27,37,92941,55360,715,104,9635,False,4,0,66,22451,23011,32475,443
True,1927,11,4,1,37,52,18,111114,68797,755,98,9635,False,4,0,75,24476,20015,34257,443
False,1535,0,0,0,13,20,32,62532,40540,547,116,7675,False,1,0,35,20455,21249,42692,356
True,1535,9,3,1,32,35,13,95230,54125,577,45,7675,False,6,0,44,26007,28171,34863,422
False,1393,1,0,0,14,17,33,53951,38419,506,91,6965,False,2,0,44,24443,28872,46128,387
True,1393,8,2,1,33,52,14,81418,50613,510,106,6965,False,5,0,64,25388,30119,42008,403
False,1547,2,1,0,17,22,31,67445,44667,595,135,7735,False,1,0,52,24441,27759,46012,421
True,1547,8,3,1,31,43,17,79815,56320,588,129,7735,False,6,0,46,25381,25783,40056,404
True,931,6,1,0,20,28,4,44286,36682,385,54,4655,False,2,0,27,32327,36508,40917,447
False,931,0,0,0,4,6,20,29738,22630,306,56,4655,False,1,0,19,20727,25090,44755,337
True,967,2,2,0,19,22,7,42287,33954,407,49,4835,False,4,0,30,28674,33343,48026,452
False,967,0,0,0,7,7,19,37708,26205,390,31,4835,False,2,0,22,22282,29931,48887,408
True,1457,8,1,0,27,37,19,82888,53182,646,113,7285,False,4,0,45,27785,32749,42260,477
False,1457,0,2,0,19,26,27,66904,43725,596,93,7285,False,4,0,56,24560,23684,46534,429
False,1788,3,2,0,22,41,26,95417,51905,624,107,8940,False,3,0,61,24115,21124,28362,421
True,1788,8,2,1,26,51,22,82741,56553,622,156,8940,False,4,0,57,20573,13925,35214,430
True,1345,6,3,0,20,21,9,49824,45563,584,63,6725,False,4,0,41,25331,21015,38078,426
False,1345,2,0,0,9,10,20,43047,36071,536,53,6725,False,3,0,52,22271,23992,30609,394
True,922,1,1,0,13,12,3,33812,29961,408,71,4610,False,4,0,28,26454,28986,38892,471
False,922,0,1,0,3,0,13,25886,22728,367,64,4610,False,1,0,27,20940,22922,43634,417
False,1779,2,1,0,20,19,23,66434,52628,738,90,8895,False,2,0,41,24971,24430,47593,439
True,1779,5,3,1,23,25,20,94405,57493,723,93,8895,False,7,0,55,24087,30486,34034,451
True,1666,7,3,0,34,67,18,108082,55589,543,144,8330,False,6,0,46,24574,32048,44249,362
False,1666,1,0,0,18,35,34,91869,46022,548,168,8330,False,2,0,51,23293,28955,44710,337
True,1193,5,2,0,27,47,15,70023,42880,438,104,5965,False,3,0,39,27519,33839,45952,404
False,1193,2,0,0,15,12,27,57886,34497,445,61,5965,False,2,0,50,24713,32891,48808,393
False,1570,3,0,0,17,23,27,70015,45451,642,96,7850,False,2,0,55,23618,25595,37155,417
True,1570,9,3,1,26,34,17,74283,59392,723,95,7850,False,6,0,52,28342,25525,41344,451
True,1555,6,2,1,29,37,12,92644,55177,729,71,7775,False,3,0,48,25412,32534,49792,453
False,1555,2,1,0,12,17,29,72690,44436,623,115,7775,False,5,0,56,23526,32365,45683,423
False,1728,5,1,0,19,19,35,74294,52237,677,124,8640,False,1,0,71,24807,24311,38193,394
True,1728,9,2,1,35,63,19,113855,61513,713,148,8640,False,5,0,101,24872,27299,39555,387
False,2719,5,4,1,47,69,45,239352,90197,1036,353,13595,False,6,0,117,24753,34351,35721,377
True,2719,11,3,2,45,47,47,218523,87589,959,136,13595,False,7,0,78,24775,25641,49594,420
True,1667,10,3,1,31,44,10,117793,58356,627,102,8335,False,7,0,59,26014,28473,36644,453
False,1667,3,1,0,10,10,31,64123,44706,609,152,8335,False,2,0,67,23489,22984,43578,420
False,1504,2,2,1,26,44,32,67007,48293,572,116,7520,False,2,0,45,24425,25578,38699,404
True,1504,11,2,0,32,58,26,79120,54957,539,151,7520,False,5,0,50,25587,27187,36470,399
False,1567,0,1,0,16,24,46,87336,41852,545,145,7835,False,1,0,40,22160,27095,48502,380
True,1567,10,3,1,46,48,16,126889,60686,601,132,7835,False,6,0,38,28984,32952,42803,457
True,1877,6,2,2,21,40,18,84357,61966,749,112,9385,False,5,0,77,23685,25291,33723,409
False,1877,3,2,0,18,18,21,76515,55710,804,103,9385,False,4,0,85,22829,21723,38291,458
False,911,0,0,0,0,0,17,18113,20778,359,39,4555,False,0,0,25,19576,17437,41610,404
True,911,2,1,0,17,21,0,32249,31257,390,50,4555,False,4,0,40,28465,26853,33237,450
False,1213,0,0,0,5,5,16,35931,29844,495,72,6065,False,3,0,46,21733,20865,35002,401
True,1213,4,2,0,16,12,5,49073,38676,487,73,6065,False,3,0,48,23407,24882,32697,426
False,1612,0,0,0,20,30,33,89245,44696,551,266,8060,False,3,0,57,23596,26393,42306,371
True,1612,10,3,1,32,48,20,110431,60269,655,87,8060,False,5,0,60,28111,30494,42108,457
False,1383,0,0,0,10,8,24,45476,37721,590,73,6915,False,2,0,44,24542,23939,44115,464
True,1383,9,3,1,24,37,10,79644,52052,589,127,6915,False,5,0,36,26989,27475,37433,476
False,1136,0,0,0,8,13,26,44815,29930,385,76,5680,False,0,0,25,22261,30228,49545,398
True,1136,6,3,0,26,34,8,53129,43935,501,109,5680,False,6,0,40,29236,32539,54370,467
False,2155,8,2,0,22,21,42,142944,68019,867,87,10775,False,4,0,79,23007,27819,40518,429
True,2155,9,3,1,42,44,22,163907,72966,850,136,10775,False,4,0,69,23981,26776,41013,397
True,1333,4,2,1,23,23,8,44897,45167,587,51,6665,False,3,0,38,25640,21471,39659,424
False,1333,1,1,0,8,11,23,49782,37393,575,64,6665,False,3,0,58,23687,30422,41912,466
False,1167,2,1,0,15,10,22,41450,34895,435,69,5835,False,2,0,35,25411,26522,48022,373
True,1167,2,2,0,22,23,15,53980,38318,487,60,5835,False,3,0,25,26572,31901,39784,416
False,1393,2,1,0,14,21,26,62908,39768,554,108,6965,False,1,0,51,24230,25444,41634,425
True,1393,4,2,1,26,46,14,79068,48211,528,86,6965,False,5,0,43,25370,27366,40592,430
True,1209,6,0,0,28,31,16,62416,46534,483,66,6045,False,4,0,48,31430,36732,44890,429
False,1209,2,3,0,16,18,28,48986,35890,453,64,6045,False,1,0,41,25911,27453,49571,430
False,2064,8,2,1,47,56,41,163799,73159,750,161,10320,False,6,0,89,26896,36859,48541,349
True,2064,9,3,1,41,50,47,170037,75720,801,107,10320,False,5,0,57,28233,34909,49996,421
False,1677,0,2,0,13,19,24,82441,41698,556,244,8385,False,1,0,59,22540,22231,40747,411
True,1677,11,2,1,24,45,13,109100,56294,580,138,8385,False,5,0,56,24535,25849,34975,433
False,1027,0,1,0,8,4,23,23735,24375,303,44,5135,False,2,0,29,19505,17644,51647,344
True,1027,4,1,0,23,30,8,51785,35309,376,76,5135,False,3,0,23,27286,35362,26844,408
True,1817,10,4,0,35,60,25,91226,57930,475,110,9085,False,6,0,60,25104,21229,34239,344
False,1817,2,0,0,25,43,36,104008,53389,603,188,9085,False,2,0,60,19449,17900,36014,364
True,2730,8,2,2,41,84,44,172008,89006,963,170,13650,False,6,0,89,22421,20161,35578,392
False,2730,9,4,1,44,50,42,180480,86666,922,245,13650,False,7,0,73,24085,23299,31994,422
True,1591,10,4,1,31,57,10,104139,55728,611,126,7955,False,3,0,57,23080,27075,30747,418
False,1591,1,0,0,10,15,31,52260,41103,606,82,7955,False,3,0,40,21120,18238,38624,406
True,1476,11,3,1,24,25,22,75197,51892,526,106,7380,False,6,0,50,27247,27909,44752,393
False,1476,0,0,0,22,31,24,70669,41831,489,91,7380,False,1,0,37,23204,30284,43785,318
True,1630,10,4,1,37,30,18,101893,61081,706,82,8150,False,6,0,56,29219,33584,35784,464
False,1630,1,0,0,18,20,37,60653,48321,586,96,8150,False,2,0,58,22558,22100,46576,374
False,2055,6,2,0,50,84,44,152311,68887,731,169,10275,False,3,0,83,25553,25948,39251,388
True,2055,8,3,2,44,51,50,145311,71080,672,158,10275,False,7,0,69,27903,29654,43873,396
True,2034,9,3,0,35,61,37,123161,69179,805,199,10170,False,8,0,68,23535,21918,35471,442
False,2034,5,2,1,37,62,35,120763,66559,705,165,10170,False,2,0,87,23788,23750,34891,383
False,2059,8,3,0,28,41,39,126795,62207,678,188,10295,False,7,0,79,25985,33076,35469,416
True,2059,6,2,1,39,79,28,147551,69335,774,145,10295,False,2,0,114,23414,22531,45997,385
False,1301,1,0,0,9,11,22,39227,34590,506,100,6505,False,3,0,37,22431,18663,41211,450
True,1301,5,2,0,22,30,9,67470,43103,536,97,6505,False,4,0,46,25638,27180,33976,417
False,2456,5,2,1,32,63,38,135519,80574,1000,156,12280,False,6,0,72,22748,26390,34163,401
True,2456,11,4,2,38,64,32,152947,86138,963,128,12280,False,7,0,85,24310,25155,36876,450
False,1908,4,2,0,24,25,34,94960,58398,714,141,9540,False,5,0,74,27567,31367,36642,448
True,1908,7,2,1,34,61,24,97752,63291,654,145,9540,False,4,0,70,21000,19688,42301,338
True,1710,10,3,1,41,54,26,129261,63572,610,103,8550,False,7,0,53,28683,34457,32996,451
False,1710,1,1,0,26,42,42,82680,51169,638,39,8550,False,2,0,49,21411,18275,44100,375
True,1110,5,0,0,24,23,10,56423,41460,499,96,5550,False,3,0,31,29128,34567,43837,471
False,1110,0,2,0,10,17,24,44014,30782,432,94,5550,False,3,0,38,21145,27405,45971,401
False,1391,0,0,0,9,13,23,47506,37495,547,84,6955,False,4,0,21,20472,15629,43904,378
True,1391,11,3,1,21,38,9,74897,49215,563,82,6955,False,2,0,36,26051,30700,36262,437
False,1533,2,2,0,23,32,44,75429,45818,515,157,7665,False,0,0,42,23473,21709,51287,376
True,1533,9,2,1,44,64,23,129527,61864,587,146,7665,False,7,0,40,31009,38382,37723,477
True,1919,9,4,2,37,62,29,113182,70597,755,133,9595,False,4,0,72,26413,24136,35293,421
False,1919,4,0,0,29,36,37,112441,63613,779,247,9595,False,5,0,59,23967,23141,38188,453
False,1583,1,2,0,29,52,34,97486,49659,541,98,7915,False,3,0,43,24508,26788,47730,428
True,1583,9,2,1,34,41,29,103737,59667,627,228,7915,False,5,0,63,27194,27945,38783,433
True,1913,11,3,2,41,69,22,120130,72325,724,138,9565,False,6,0,76,25796,24368,41068,420
False,1913,2,2,0,22,36,41,105090,57865,718,179,9565,False,3,0,65,25785,27827,41897,423
True,1457,8,2,1,25,42,12,75682,51978,606,131,7285,False,6,0,52,26714,30284,44589,426
False,1457,2,2,0,12,12,25,61915,40085,532,71,7285,False,2,0,51,24046,27124,43338,405
True,2045,7,4,1,38,62,31,142150,71439,705,134,10225,False,6,0,71,27131,27894,37986,421
False,2045,2,0,0,31,55,38,116433,61912,715,307,10225,False,2,0,88,25014,24149,41346,432
True,933,4,2,0,22,31,5,45629,35362,417,46,4665,False,3,0,30,31041,36013,37709,459
False,933,1,0,0,5,4,22,26520,25247,324,46,4665,False,2,0,27,21554,21700,51008,379
True,2079,11,3,2,44,63,30,153108,74958,693,220,10395,False,5,0,83,24195,27136,46326,388
False,2079,5,1,0,30,55,45,134967,67233,788,179,10395,False,5,0,73,24247,30912,42380,436
True,931,2,2,0,23,20,7,40635,32525,380,45,4655,False,3,0,24,28937,33994,38226,414
False,931,0,0,0,7,4,23,25455,25568,386,44,4655,False,2,0,26,22881,21303,44709,409
False,925,0,0,0,4,4,16,31352,25302,402,29,4625,False,3,0,12,23416,27319,50521,464
True,925,3,1,0,16,17,4,41950,31557,378,45,4625,False,2,0,32,27898,32868,43883,420
True,2055,10,2,1,39,65,36,136037,72193,740,176,10275,False,5,0,73,24375,29111,45709,371
False,2055,5,3,1,36,64,39,136507,65243,702,155,10275,False,4,0,67,25331,35640,45303,381
False,2252,4,4,2,30,53,21,145854,71321,894,123,11260,False,5,0,88,23751,26870,38140,426
True,2252,11,1,1,21,25,30,120582,71407,882,114,11260,False,4,0,74,25165,21822,44197,458
True,1794,7,3,1,36,67,20,98528,61954,610,150,8970,False,6,0,75,23331,19242,44342,412
False,1794,3,1,0,20,26,36,113578,53002,685,135,8970,False,4,0,59,23478,29546,34706,415
False,2563,8,4,1,50,69,47,230648,88753,883,323,12815,False,6,0,90,26108,30825,42100,391
True,2563,10,3,2,47,76,50,228653,90779,1000,220,12815,False,5,0,96,24754,25630,45897,447
False,1664,1,0,0,22,31,45,99289,49395,605,134,8320,False,4,0,45,24063,28721,49176,388
True,1664,11,3,1,44,64,22,113933,63245,661,152,8320,False,3,0,61,28754,32578,41401,441
True,1281,9,3,1,33,56,15,80812,47514,418,127,6405,False,4,0,44,28695,36571,45812,388
False,1281,1,0,0,15,17,33,54017,35738,452,123,6405,False,2,0,32,23989,28134,42368,370
False,2013,3,1,1,19,29,44,134793,62174,799,124,10065,False,1,0,66,23650,24810,42899,403
True,2013,11,3,1,44,73,19,144025,71531,689,140,10065,False,8,0,73,24893,29517,42950,347
True,786,1,1,0,9,7,9,26289,24907,334,47,3930,False,2,0,22,24907,26289,35401,411
False,786,0,1,0,9,8,9,22408,21870,266,15,3930,False,1,0,21,21870,22408,38070,334
False,2082,5,1,0,24,35,44,119426,65073,866,164,10410,False,3,0,78,26744,25858,39591,477
True,2082,11,4,2,44,77,25,148254,73156,786,165,10410,False,6,0,97,23584,21805,38338,424
False,1024,1,1,0,13,9,21,38025,30383,389,70,5120,False,3,0,23,22793,25742,45080,426
True,1024,3,1,0,21,28,13,42953,35987,434,68,5120,False,1,0,30,26350,27360,42259,422
True,1861,11,2,1,31,50,27,152537,65569,760,150,9305,False,5,0,65,25732,32478,38602,443
False,1861,2,2,0,27,49,31,93847,54536,643,189,9305,False,4,0,63,23461,24967,46365,397
False,1191,0,0,0,6,12,18,31387,29632,435,53,5955,False,3,0,36,21134,17197,38438,355
True,1191,5,2,0,18,33,6,54884,41775,519,108,5955,False,3,0,44,26207,27362,34549,461
False,1577,2,2,0,12,12,22,55604,42478,642,105,7885,False,3,0,48,23651,17951,38856,478
True,1577,7,2,1,22,42,12,84960,53717,634,109,7885,False,5,0,65,23733,24788,35865,462
True,921,3,1,0,23,17,4,46513,32723,374,62,4605,False,2,0,29,29219,38177,35304,420
False,921,0,1,0,4,5,23,24242,21614,292,43,4605,False,2,0,18,20225,21571,47337,348
False,1575,3,0,0,25,21,32,87706,49076,613,103,7875,False,5,0,54,26189,33346,47495,428
True,1575,5,4,0,32,47,25,100281,53221,608,95,7875,False,3,0,51,22732,30951,44904,394
False,1571,2,3,0,10,21,24,73552,44747,632,198,7855,False,2,0,40,22563,21291,39148,451
True,1571,11,1,1,24,43,10,79995,55543,638,61,7855,False,4,0,46,26516,24074,36612,458
True,1571,7,4,1,38,56,28,108860,55649,542,137,7855,False,3,0,53,24016,32890,46139,365
False,1571,2,0,0,28,26,38,91717,47969,574,92,7855,False,3,0,40,25025,33987,44845,395
True,1831,10,2,1,31,31,28,116645,64042,737,155,9155,False,4,0,51,25379,29083,46610,455
False,1831,1,2,1,28,50,31,104569,57275,684,216,9155,False,3,0,49,23238,26128,44602,387
True,1448,7,2,1,21,42,8,73100,52042,672,65,7240,False,7,0,52,26765,24701,30429,503
False,1448,1,2,0,8,8,21,42147,40335,630,74,7240,False,0,0,44,23593,16217,40668,464
False,1521,2,0,0,11,16,26,65746,40318,602,125,7605,False,1,0,46,23228,29504,38101,414
True,1521,9,2,1,25,40,11,76804,53888,663,132,7605,False,6,0,62,24470,25956,46191,462
True,1786,10,3,1,37,79,25,116747,62867,646,176,8930,False,6,0,75,24554,30533,45409,380
False,1786,2,1,0,25,41,37,103164,52615,588,131,8930,False,2,0,89,26284,32353,45338,382
False,844,0,0,0,8,9,12,21376,23242,338,50,4220,False,1,0,24,23200,21376,40125,398
True,844,0,1,0,12,14,9,28667,27544,374,54,4220,False,4,0,25,27500,28667,35881,474
False,1382,1,1,0,12,15,27,54080,36055,513,56,6910,False,0,0,45,23032,29727,41199,363
True,1382,8,1,1,27,39,12,72553,51862,527,107,6910,False,7,0,53,26808,28760,45595,405
False,978,0,1,0,8,6,20,37941,25671,331,59,4890,False,1,0,32,22480,31475,47645,349
True,978,1,1,0,19,13,8,42607,30389,333,46,4890,False,3,0,32,24929,32675,45156,345
False,1942,7,0,1,33,53,40,119933,61884,585,340,9710,False,5,0,51,25253,26338,41199,386
True,1942,8,4,0,40,69,33,161713,64270,671,146,9710,False,3,0,76,24831,28685,39990,386
True,1598,9,3,1,47,50,21,111378,61101,600,126,7990,False,6,0,53,27689,32891,47076,417
False,1598,2,0,0,21,29,47,93342,47755,612,109,7990,False,1,0,69,24389,31330,46060,401
True,1609,6,2,1,30,50,23,97598,54684,570,70,8045,False,3,0,65,23711,24979,34959,362
False,1609,4,2,0,23,31,30,81767,51208,590,116,8045,False,3,0,56,26394,26130,45545,416
True,1719,8,1,1,29,60,24,97669,59682,657,148,8595,False,5,0,63,25251,22227,36532,452
False,1719,4,3,0,24,29,29,93336,53470,653,101,8595,False,4,0,60,26324,23650,34136,458
False,1759,2,1,0,26,30,43,112880,53564,625,122,8795,False,3,0,56,25337,36689,50941,393
True,1759,9,3,1,43,69,26,122884,63923,659,126,8795,False,4,0,67,25882,33719,49367,365
False,1857,1,0,0,18,32,33,105994,53457,742,127,9285,False,2,0,63,22407,26147,41656,385
True,1857,11,4,1,32,50,18,119620,65197,750,141,9285,False,6,0,68,26194,30325,39647,420
False,2033,5,4,1,37,56,38,152304,64421,696,191,10165,False,4,0,66,23747,28706,44460,423
True,2033,11,1,1,38,49,37,164012,72131,775,184,10165,False,6,0,79,23235,28074,40004,432
False,1176,0,1,0,12,18,30,54764,32313,347,55,5880,False,3,0,36,21035,25588,45341,326
True,1176,10,2,0,30,25,12,65646,44406,494,75,5880,False,1,0,25,29402,33849,43188,401
True,1647,10,2,1,32,43,25,108472,60026,654,136,8235,False,3,0,56,26000,28575,50267,453
False,1647,0,1,0,25,32,32,91138,47437,597,95,8235,False,5,0,58,25518,34600,47313,425
True,1602,10,2,0,28,43,14,93522,59776,696,90,8010,False,5,0,69,28955,33917,39198,455
False,1602,0,1,0,13,24,28,59127,42046,625,91,8010,False,2,0,44,21554,28932,46421,406
False,2342,7,3,1,35,67,44,147959,79485,934,193,11710,False,8,0,84,24236,29722,49145,406
True,2342,8,3,1,44,73,35,200497,83271,886,201,11710,False,4,0,97,28069,32680,43464,399
True,1482,11,3,1,21,33,5,64690,52366,643,64,7410,False,6,0,66,24749,23240,33645,457
False,1482,1,1,0,5,11,21,46710,37322,615,112,7410,False,2,0,46,21673,18167,36594,454
True,2133,9,4,1,37,71,35,155475,75309,821,172,10665,False,10,0,101,26193,26985,34863,475
True,2133,9,4,1,37,71,35,155475,75309,821,172,10665,False,10,0,101,26193,26985,34863,475
False,2133,3,1,0,35,69,37,118475,64815,815,149,10665,False,0,0,82,22832,21319,39606,414
False,2133,3,1,0,35,69,37,118475,64815,815,149,10665,False,0,0,82,22832,21319,39606,414
False,1740,4,0,0,21,45,40,88106,54869,683,69,8700,False,2,0,52,27231,26556,39384,438
True,1740,9,4,2,40,82,21,113734,65109,688,259,8700,False,6,0,65,25782,25428,38897,421
True,925,2,1,0,12,15,4,33921,29896,404,58,4625,False,3,0,27,25626,30468,38000,452
False,925,1,0,0,4,8,12,24485,22943,315,73,4625,False,2,0,29,19841,22651,39651,348
True,2223,9,4,3,37,71,32,166180,76157,781,190,11115,False,8,0,74,23932,23986,32304,441
False,2223,6,1,0,32,53,37,121319,67430,781,142,11115,False,3,0,87,23618,18833,39797,413
True,1771,11,3,1,43,79,20,139020,65553,619,137,8855,False,5,0,57,28660,34494,40628,409
False,1771,2,1,0,20,32,43,101636,53477,697,88,8855,False,3,0,61,22695,23848,47002,377
False,1784,1,0,0,19,34,27,73214,48514,639,151,8920,False,4,0,70,24456,25413,39220,420
True,1784,7,4,0,27,36,19,101152,57163,730,152,8920,False,4,0,75,23524,24997,39765,451
True,2871,9,2,1,42,66,38,215466,89754,1036,201,14355,False,7,0,93,22294,19693,47042,411
False,2871,7,4,2,37,61,42,250361,84887,979,183,14355,False,5,0,81,23264,32142,40029,446
False,1577,1,0,0,16,26,28,64102,44331,588,112,7885,False,3,0,46,22811,22454,45817,405
True,1577,11,4,1,28,40,16,99345,58037,620,102,7885,False,4,0,61,27384,29133,39794,424
True,1421,10,2,0,38,48,15,81471,54266,579,90,7105,False,4,0,40,28673,27942,31952,453
False,1421,0,0,0,15,22,39,57141,42941,518,90,7105,False,1,0,45,24357,22519,39884,415
True,952,4,1,0,20,23,11,52182,35397,403,62,4760,False,2,0,38,29800,38743,43512,439
False,952,0,0,0,11,11,20,32817,26369,316,48,4760,False,2,0,30,24528,27835,50260,364
True,1454,8,2,0,27,38,13,87366,50914,578,155,7270,False,4,0,47,26079,32124,41225,419
False,1454,2,1,0,13,11,27,63223,40715,565,89,7270,False,3,0,40,22503,24631,48639,397
False,1768,1,1,1,22,54,33,99165,53319,658,93,8840,False,3,0,60,22093,21642,40428,431
True,1768,9,3,0,33,57,22,113750,62493,696,153,8840,False,5,0,56,30040,27433,38368,476
True,1766,10,2,1,31,55,17,95163,62881,757,131,8830,False,9,0,59,24338,20678,30334,486
False,1766,3,2,0,17,26,31,76266,49540,628,66,8830,False,0,0,50,21894,19068,30975,342
False,1270,0,1,0,6,10,18,38164,30823,473,78,6350,False,3,0,33,21251,20662,36548,406
True,1270,5,2,0,18,46,6,55416,40682,535,132,6350,False,4,0,43,24401,23417,34248,461
True,961,3,2,0,19,34,6,46073,34957,404,87,4805,False,4,0,31,30220,35032,41795,449
False,961,0,0,0,6,15,19,32834,23533,340,95,4805,False,1,0,24,19955,24514,44815,365
False,1889,4,2,0,23,39,32,96903,55266,685,124,9445,False,3,0,46,23641,28064,43125,389
True,1889,11,2,2,32,73,23,100372,63072,659,181,9445,False,5,0,56,25262,29652,37794,401
True,1905,10,2,1,46,94,24,166465,68472,648,157,9525,False,6,0,71,27195,37122,45847,410
False,1905,3,3,0,24,47,46,122747,57269,679,170,9525,False,3,0,51,24435,28105,50561,389
True,2812,11,4,2,35,63,45,218234,89887,993,130,14060,False,6,0,103,22975,26071,33476,400
False,2812,7,3,1,45,84,35,197371,87415,909,211,14060,False,7,0,91,24431,24327,38129,405
False,1434,2,0,0,20,31,42,65473,43282,513,82,7170,False,2,0,47,26213,28421,43092,405
True,1434,9,4,1,42,66,20,88415,58101,503,142,7170,False,4,0,44,30734,33667,48335,413
True,1704,8,2,1,39,57,38,115689,61017,588,179,8520,False,3,0,62,26717,39423,43604,383
False,1704,5,2,0,38,51,40,89234,56270,588,115,8520,False,4,0,47,28295,32217,53055,392
False,1518,1,0,0,12,22,27,58476,41981,567,80,7590,False,1,0,53,21244,17033,34712,418
True,1518,9,4,1,27,45,12,80562,56495,625,98,7590,False,5,0,49,28032,24412,38801,498
True,1800,9,3,1,40,59,27,131366,64288,648,214,9000,False,3,0,62,26517,30045,44021,367
False,1800,3,1,0,27,52,40,97634,53956,616,186,9000,False,4,0,58,27540,32210,43299,369
True,1628,11,2,0,28,35,17,96931,58622,720,112,8140,False,5,0,40,24353,29882,44524,425
False,1628,2,1,0,17,20,29,90053,45531,675,85,8140,False,2,0,53,23531,29736,41233,403
True,1901,11,3,1,47,82,33,141806,70947,741,190,9505,False,5,0,33,25370,31363,43476,386
False,1901,2,1,0,33,52,47,116762,58139,663,239,9505,False,4,0,73,25679,31794,39071,371
False,2019,5,1,1,24,33,33,115364,63041,743,169,10095,False,6,0,71,23201,23359,36095,439
True,2019,7,3,0,33,64,24,132460,64998,795,152,10095,False,3,0,81,23265,24438,39639,425
False,1686,1,2,0,16,24,36,95188,47858,636,111,8430,False,0,0,61,21961,23608,51202,387
True,1686,9,2,1,36,54,17,114450,62858,726,143,8430,False,8,0,57,29093,35262,43112,467
True,1666,11,2,0,38,49,23,126786,59663,592,114,8330,False,6,0,41,26117,36374,50192,410
False,1666,1,2,0,22,25,38,91475,47288,576,117,8330,False,3,0,48,23497,32765,52661,382
False,2131,6,3,1,44,77,50,163750,71282,653,226,10655,False,2,0,87,26774,39582,54579,390
True,2131,8,2,0,50,85,44,196638,72853,691,234,10655,False,7,0,76,24862,35761,51542,344
False,2130,8,4,0,36,56,44,155950,73175,844,176,10650,False,6,0,66,28351,33925,51362,442
True,2130,9,1,2,44,85,36,149959,78703,759,164,10650,False,5,0,90,28161,30694,51987,410
True,1728,9,3,2,34,63,25,132948,63007,715,101,8640,False,5,0,60,23717,28958,40362,433
False,1728,4,1,0,25,31,34,94496,53343,668,157,8640,False,3,0,49,24390,23902,41214,418
True,1956,11,4,1,62,83,21,150193,70255,588,130,9780,False,6,0,65,28734,38293,43070,397
False,1956,2,1,0,21,43,62,96616,57260,715,122,9780,False,1,0,44,20873,27823,49455,351
True,1520,8,3,0,28,39,23,96432,49843,598,141,7600,False,4,0,49,21626,23416,42316,387
False,1520,3,0,0,23,39,28,67869,43292,505,154,7600,False,3,0,36,23889,26620,34595,336
False,3088,9,4,2,35,68,53,204936,98538,1154,194,15440,False,9,0,93,25446,20187,39635,452
True,3088,10,3,2,53,101,35,222115,103781,1197,212,15440,False,6,0,138,26291,27065,32752,436
True,1609,11,3,0,46,71,26,135803,60714,497,133,8045,False,5,0,65,28529,35788,46214,391
False,1609,2,1,0,26,34,46,114239,49788,583,133,8045,False,2,0,52,24306,32133,48217,390
False,1565,5,3,0,30,31,39,85716,50893,545,93,7825,False,2,0,49,25360,29897,47339,391
True,1565,9,1,1,39,74,30,115281,58731,598,136,7825,False,5,0,47,26046,37423,46869,395
True,2420,11,3,2,63,102,44,206250,90915,861,175,12100,False,6,0,83,26117,32998,44389,404
False,2420,4,2,0,44,45,63,195463,78525,990,189,12100,False,6,0,66,26140,33090,46600,441
False,990,1,0,0,5,6,14,29148,26128,402,36,4950,False,2,0,25,22098,21942,37344,444
True,990,2,2,0,14,17,5,34070,31859,428,67,4950,False,4,0,31,24969,25907,40795,463
True,1472,10,3,1,30,31,18,80023,54927,610,90,7360,False,4,0,54,27323,29731,41954,449
False,1472,1,0,0,18,26,30,67203,42898,464,43,7360,False,4,0,62,23310,26624,45387,390
True,2005,10,3,1,48,92,28,157934,71622,755,236,10025,False,5,0,66,25193,26606,41449,408
False,2005,4,1,1,28,38,48,133048,63483,740,169,10025,False,2,0,61,26063,24467,39890,412
False,1543,0,0,0,13,17,33,71378,42620,648,132,7715,False,3,0,51,23867,21821,36662,423
True,1543,11,3,1,33,42,13,96358,59183,690,94,7715,False,5,0,65,25702,27445,41083,463
False,1408,0,1,0,12,12,36,57133,38544,552,105,7040,False,2,0,28,23537,25969,50256,424
True,1408,10,2,0,36,49,12,88459,53020,560,133,7040,False,4,0,52,28949,37490,43500,430
True,1145,8,1,0,28,36,14,58525,44412,473,85,5725,False,3,0,39,29520,31401,47447,472
False,1145,1,1,0,14,18,28,44653,32983,424,104,5725,False,3,0,38,24711,27670,43791,394
True,2171,11,5,1,33,49,23,130621,71599,769,128,10855,False,6,0,102,24591,24389,37316,412
False,2171,3,0,1,23,36,33,180378,67615,925,135,10855,False,2,0,69,23498,24491,33584,419
False,1673,6,1,0,27,34,31,92896,52655,585,142,8365,False,8,0,60,24011,27309,42948,358
True,1673,8,2,1,31,57,27,101523,55519,565,134,8365,False,0,0,49,24394,33010,38939,349
True,1618,9,2,1,40,52,32,108445,57679,556,43,8090,False,4,0,53,26407,31735,50249,398
False,1618,2,1,0,32,34,40,93404,51718,556,77,8090,False,3,0,51,29593,36310,45187,389
True,1392,7,1,0,36,32,14,89695,52316,596,78,6960,False,5,0,38,30002,35297,48226,439
False,1392,1,2,0,14,16,36,68260,41141,555,74,6960,False,1,0,44,25081,32790,50296,389
False,1775,3,0,0,18,24,35,80007,52378,687,109,8875,False,5,0,95,24226,22883,31382,472
True,1775,10,4,1,35,62,18,97168,62095,649,105,8875,False,4,0,66,22708,17827,35825,428
False,1655,1,2,0,20,28,32,86307,46116,555,111,8275,False,4,0,74,23841,23529,33230,413
True,1655,4,2,1,32,48,20,95660,54843,629,73,8275,False,3,0,57,24440,21010,36727,426
False,1446,2,0,0,12,14,27,53858,40113,576,65,7230,False,1,0,44,22636,22758,27857,414
True,1446,10,3,1,27,37,12,63744,54775,604,73,7230,False,4,0,43,25271,21743,39079,456
False,2009,7,0,1,34,51,43,125096,69757,800,106,10045,False,6,0,61,26734,32202,48103,443
True,2009,7,5,1,43,86,34,127502,70791,740,165,10045,False,4,0,83,24538,29947,44648,389
True,1118,2,0,0,24,20,16,49088,38932,442,41,5590,False,3,0,31,27336,28838,44483,407
False,1118,1,2,0,16,20,24,40119,33603,430,75,5590,False,3,0,39,26685,27066,46231,413
False,1802,6,2,1,27,26,33,80153,55674,674,92,9010,False,3,0,56,26188,27833,44860,399
True,1802,9,1,0,32,58,28,118021,61415,606,149,9010,False,5,0,76,25449,27483,40254,392
True,1970,9,2,0,32,48,31,141004,67998,792,129,9850,False,5,0,71,26372,31757,40407,445
False,1970,5,2,1,31,40,32,112866,64026,772,276,9850,False,4,0,79,25107,26734,45047,402
False,919,0,0,0,7,8,22,28101,24881,339,50,4595,False,3,0,26,22069,23176,44707,414
True,919,2,1,0,22,22,7,38973,32172,368,29,4595,False,1,0,34,27650,32281,40962,421
True,1652,7,3,1,31,34,24,97063,54783,603,85,8260,False,5,0,52,26605,30559,40627,412
False,1652,6,1,0,24,33,31,87339,52784,570,94,8260,False,3,0,51,24403,26282,50601,393
False,1504,2,1,0,14,17,24,53323,43732,623,99,7520,False,4,0,45,23802,18706,36199,447
True,1504,4,3,1,24,31,14,65718,50509,621,88,7520,False,4,0,53,24331,21458,37826,466
True,2251,11,3,3,40,71,23,144190,79297,854,174,11255,False,8,0,101,22082,22151,36750,423
False,2251,3,3,0,23,40,40,125280,66420,850,74,11255,False,4,0,75,24602,22583,32135,415
True,1423,7,1,0,31,39,20,85040,51864,559,107,7115,False,6,0,53,28350,39039,47327,398
False,1423,1,2,0,19,21,32,66192,40323,472,72,7115,False,1,0,47,23084,28449,48438,313
True,1452,9,3,1,37,67,23,94631,56183,515,97,7260,False,7,0,48,26580,33246,42431,422
False,1452,3,0,0,23,37,37,78602,44249,485,281,7260,False,0,0,40,24013,26945,46118,387
True,2489,10,3,1,37,66,37,196767,84250,973,207,12445,False,9,0,119,23787,26115,35360,443
False,2489,5,3,1,37,64,37,155875,81193,1011,193,12445,False,2,0,81,26242,22943,43180,458
True,2229,11,3,2,53,59,41,191796,78176,768,182,11145,False,5,0,71,24704,28234,51118,404
False,2229,5,3,0,41,49,53,175753,72929,834,246,11145,False,6,0,68,27599,35784,45575,435
False,1747,4,0,0,18,26,44,86954,49273,541,209,8735,False,3,0,40,21929,20713,38509,395
True,1747,9,3,1,44,78,18,142045,59484,566,175,8735,False,4,0,62,25189,23720,37449,415
False,996,0,1,0,10,10,14,38877,27873,399,66,4980,False,2,0,32,24216,28509,35473,434
True,996,1,1,0,14,10,10,34679,32595,430,62,4980,False,3,0,31,26442,24660,42388,446
False,1474,2,0,0,20,22,36,95458,42585,475,98,7370,False,3,0,51,24161,37997,45918,341
True,1474,9,3,0,36,46,20,87208,53638,562,93,7370,False,4,0,42,28713,35280,54242,419
True,1941,9,2,1,43,64,37,127758,70986,686,135,9705,False,5,0,85,26185,27137,44351,416
False,1941,3,3,0,37,58,43,130437,63751,679,121,9705,False,5,0,51,26648,30588,43872,421
False,1168,0,0,0,10,9,25,32163,29992,383,63,5840,False,2,0,27,21474,16794,45000,356
True,1168,6,2,0,25,32,10,65215,42875,502,103,5840,False,3,0,35,28428,35410,35579,452
False,1884,3,2,0,30,53,35,90098,63214,846,99,9420,False,4,0,53,25842,26308,44282,427
True,1884,11,3,1,35,49,31,110687,69506,719,109,9420,False,6,0,75,29604,26758,41565,440
False,1528,3,2,0,17,26,37,80041,46386,571,110,7640,False,6,0,40,24290,28314,42047,448
True,1528,10,1,0,37,49,17,93840,58212,631,96,7640,False,2,0,46,28688,28853,40754,484
True,1800,10,3,1,39,68,25,109740,65616,637,142,9000,False,3,0,89,25076,28496,47762,384
False,1800,6,1,0,24,23,39,93375,60110,733,129,9000,False,6,0,63,26916,34186,45880,409
True,2096,11,2,2,46,73,25,160977,73475,732,130,10480,False,4,0,78,25371,23692,44391,410
False,2096,4,3,0,24,41,46,154600,62107,769,189,10480,False,6,0,110,24060,29275,39200,416
True,1895,11,3,2,41,63,26,129924,71008,734,152,9475,False,7,0,44,25657,26651,41982,431
False,1895,4,2,0,26,33,41,96274,58305,742,278,9475,False,3,0,59,26106,25910,41676,446
